schoolid,childid,year,grade,math,N1,size,lowinc,mobility,selected
2020,273026452,3,2,1.146,3,380,40.3,12.5,1
2020,273026452,4,3,1.134,3,380,40.3,12.5,1
2020,273026452,5,4,2.3,3,380,40.3,12.5,1
2020,273030991,1,0,-1.303,5,380,40.3,12.5,1
2020,273030991,2,1,0.439,5,380,40.3,12.5,1
2020,273030991,3,2,2.43,5,380,40.3,12.5,1
2020,273030991,4,3,2.254,5,380,40.3,12.5,1
2020,273030991,5,4,3.873,5,380,40.3,12.5,1
2020,273059461,1,0,-1.384,5,380,40.3,12.5,1
2020,273059461,2,1,0.338,5,380,40.3,12.5,1
2020,273059461,3,2,1.146,5,380,40.3,12.5,1
2020,273059461,4,3,1.839,5,380,40.3,12.5,1
2020,273059461,5,4,3.055,5,380,40.3,12.5,1
2020,278058841,1,0,-0.733,5,380,40.3,12.5,1
2020,278058841,2,1,1.043,5,380,40.3,12.5,1
2020,278058841,3,2,2.14,5,380,40.3,12.5,1
2020,278058841,4,3,2.814,5,380,40.3,12.5,1
2020,278058841,5,4,3.544,5,380,40.3,12.5,1
2020,292017571,1,0,-0.733,3,380,40.3,12.5,1
2020,292017571,2,1,0.148,3,380,40.3,12.5,1
2020,292017571,3,2,2.79,3,380,40.3,12.5,1
2020,292020281,0,0,-3.068,6,380,40.3,12.5,1
2020,292020281,1,0,-1.13,6,380,40.3,12.5,1
2020,292020281,2,1,-0.921,6,380,40.3,12.5,1
2020,292020281,3,2,0.463,6,380,40.3,12.5,1
2020,292020281,4,3,0.021,6,380,40.3,12.5,1
2020,292020281,5,4,2.035,6,380,40.3,12.5,1
2020,292020361,0,0,-2.732,6,380,40.3,12.5,1
2020,292020361,1,0,-2.097,6,380,40.3,12.5,1
2020,292020361,2,1,-0.988,6,380,40.3,12.5,1
2020,292020361,3,2,0.227,6,380,40.3,12.5,1
2020,292020361,4,3,0.403,6,380,40.3,12.5,1
2020,292020361,5,4,1.623,6,380,40.3,12.5,1
2020,292025081,1,0,-1.83,5,380,40.3,12.5,1
2020,292025081,2,1,-0.785,5,380,40.3,12.5,1
2020,292025081,3,2,0.716,5,380,40.3,12.5,1
2020,292025081,4,3,1.202,5,380,40.3,12.5,1
2020,292025081,5,4,3.055,5,380,40.3,12.5,1
2020,292026211,1,0,-1.541,5,380,40.3,12.5,1
2020,292026211,2,1,-0.273,5,380,40.3,12.5,1
2020,292026211,3,2,-0.522,5,380,40.3,12.5,1
2020,292026211,4,3,0.459,5,380,40.3,12.5,1
2020,292026211,5,4,2.099,5,380,40.3,12.5,1
2020,292027291,1,0,-1.76,5,380,40.3,12.5,1
2020,292027291,2,1,-0.921,5,380,40.3,12.5,1
2020,292027291,3,2,0.852,5,380,40.3,12.5,1
2020,292027291,4,3,1.748,5,380,40.3,12.5,1
2020,292027291,5,4,2.6,5,380,40.3,12.5,1
2020,292027531,1,0,-1.83,5,380,40.3,12.5,1
2020,292027531,2,1,-0.501,5,380,40.3,12.5,1
2020,292027531,3,2,0.114,5,380,40.3,12.5,1
2020,292027531,4,3,1.661,5,380,40.3,12.5,1
2020,292027531,5,4,2.164,5,380,40.3,12.5,1
2020,292028181,1,0,-2.351,5,380,40.3,12.5,1
2020,292028181,2,1,-1.505,5,380,40.3,12.5,1
2020,292028181,3,2,-0.725,5,380,40.3,12.5,1
2020,292028181,4,3,0.021,5,380,40.3,12.5,1
2020,292028181,5,4,1.514,5,380,40.3,12.5,1
2020,292028931,1,0,-1.218,5,380,40.3,12.5,1
2020,292028931,2,1,-0.273,5,380,40.3,12.5,1
2020,292028931,3,2,0.463,5,380,40.3,12.5,1
2020,292028931,4,3,0.573,5,380,40.3,12.5,1
2020,292028931,5,4,1.736,5,380,40.3,12.5,1
2020,292029071,1,0,-1.966,5,380,40.3,12.5,1
2020,292029071,2,1,-0.574,5,380,40.3,12.5,1
2020,292029071,3,2,0.227,5,380,40.3,12.5,1
2020,292029071,4,3,1.748,5,380,40.3,12.5,1
2020,292029071,5,4,2.231,5,380,40.3,12.5,1
2020,292029901,1,0,-2.718,5,380,40.3,12.5,1
2020,292029901,2,1,-1.378,5,380,40.3,12.5,1
2020,292029901,3,2,-0.623,5,380,40.3,12.5,1
2020,292029901,4,3,0.811,5,380,40.3,12.5,1
2020,292029901,5,4,1.973,5,380,40.3,12.5,1
2020,292033851,1,0,-2.96,5,380,40.3,12.5,1
2020,292033851,2,1,-1.25,5,380,40.3,12.5,1
2020,292033851,3,2,-0.725,5,380,40.3,12.5,1
2020,292033851,4,3,0.128,5,380,40.3,12.5,1
2020,292033851,5,4,1.514,5,380,40.3,12.5,1
2020,295341521,0,0,-2.732,6,380,40.3,12.5,1
2020,295341521,1,0,-1.898,6,380,40.3,12.5,1
2020,295341521,2,1,-0.921,6,380,40.3,12.5,1
2020,295341521,3,2,0.587,6,380,40.3,12.5,1
2020,295341521,4,3,1.578,6,380,40.3,12.5,1
2020,295341521,5,4,2.3,6,380,40.3,12.5,1
2020,298046562,3,2,0.003,3,380,40.3,12.5,1
2020,298046562,4,3,0.573,3,380,40.3,12.5,1
2020,298046562,5,4,1.148,3,380,40.3,12.5,1
2020,301853741,1,0,-0.733,3,380,40.3,12.5,1
2020,301853741,2,1,-0.645,3,380,40.3,12.5,1
2020,301853741,3,2,1.146,3,380,40.3,12.5,1
2020,307407931,1,0,-0.733,3,380,40.3,12.5,1
2020,307407931,2,1,-0.112,3,380,40.3,12.5,1
2020,307407931,3,2,1.146,3,380,40.3,12.5,1
2020,307694141,1,0,-2.474,4,380,40.3,12.5,1
2020,307694141,2,1,-1.505,4,380,40.3,12.5,1
2020,307694141,3,2,-0.623,4,380,40.3,12.5,1
2020,307694141,4,3,-0.35,4,380,40.3,12.5,1
2040,253404261,0,0,-2.188,6,502,83.1,18.6,1
2040,253404261,1,0,-1.541,6,502,83.1,18.6,1
2040,253404261,2,1,-0.351,6,502,83.1,18.6,1
2040,253404261,3,2,1.309,6,502,83.1,18.6,1
2040,253404261,4,3,1.421,6,502,83.1,18.6,1
2040,253404261,5,4,2.682,6,502,83.1,18.6,1
2040,253413681,1,0,-3.395,3,502,83.1,18.6,1
2040,253413681,2,0,-3.232,3,502,83.1,18.6,1
2040,253413681,3,1,-2.053,3,502,83.1,18.6,1
2040,270199271,1,0,-1.987,3,502,83.1,18.6,1
2040,270199271,3,2,-0.419,3,502,83.1,18.6,1
2040,270199271,4,3,-0.244,3,502,83.1,18.6,1
2040,285939962,2,1,-0.785,3,502,83.1,18.6,1
2040,285939962,3,2,0.587,3,502,83.1,18.6,1
2040,285939962,4,3,1.421,3,502,83.1,18.6,1
2040,288699161,1,0,-2.162,5,502,83.1,18.6,1
2040,288699161,2,1,0.241,5,502,83.1,18.6,1
2040,288699161,3,2,0.227,5,502,83.1,18.6,1
2040,288699161,4,3,1.273,5,502,83.1,18.6,1
2040,288699161,5,4,3.055,5,502,83.1,18.6,1
2040,289970511,1,0,-1.83,5,502,83.1,18.6,1
2040,289970511,2,1,-1.185,5,502,83.1,18.6,1
2040,289970511,3,2,0.852,5,502,83.1,18.6,1
2040,289970511,4,3,0.573,5,502,83.1,18.6,1
2040,289970511,5,4,1.736,5,502,83.1,18.6,1
2040,292772811,1,0,-3.144,3,502,83.1,18.6,1
2040,292772811,2,1,-2.097,3,502,83.1,18.6,1
2040,292772811,3,2,-0.316,3,502,83.1,18.6,1
2040,293550291,1,0,-2.097,4,502,83.1,18.6,1
2040,293550291,2,1,-1.314,4,502,83.1,18.6,1
2040,293550291,3,2,0.003,4,502,83.1,18.6,1
2040,293550291,4,3,0.182,4,502,83.1,18.6,1
2040,299680041,1,0,-1.538,5,502,83.1,18.6,1
2040,299680041,2,1,-0.942,5,502,83.1,18.6,1
2040,299680041,3,2,-0.522,5,502,83.1,18.6,1
2040,299680041,4,3,0.632,5,502,83.1,18.6,1
2040,299680041,5,4,1.794,5,502,83.1,18.6,1
2040,303652591,1,0,-1.898,5,502,83.1,18.6,1
2040,303652591,2,1,-0.716,5,502,83.1,18.6,1
2040,303652591,3,2,0.716,5,502,83.1,18.6,1
2040,303652591,4,3,1.066,5,502,83.1,18.6,1
2040,303652591,5,4,2.371,5,502,83.1,18.6,1
2040,303653561,0,0,-3.232,3,502,83.1,18.6,1
2040,303653561,1,0,-2.188,3,502,83.1,18.6,1
2040,303653561,2,1,-1.464,3,502,83.1,18.6,1
2040,303654611,1,0,-1.987,5,502,83.1,18.6,1
2040,303654611,2,1,-1.616,5,502,83.1,18.6,1
2040,303654611,3,2,-1.665,5,502,83.1,18.6,1
2040,303654611,4,3,-0.35,5,502,83.1,18.6,1
2040,303654611,5,4,1.047,5,502,83.1,18.6,1
2040,303658951,1,0,-1.772,3,502,83.1,18.6,1
2040,303658951,2,1,-0.194,3,502,83.1,18.6,1
2040,303658951,3,2,1.678,3,502,83.1,18.6,1
2040,303660691,1,0,-2.188,4,502,83.1,18.6,1
2040,303660691,2,1,-1.568,4,502,83.1,18.6,1
2040,303660691,3,2,-1.236,4,502,83.1,18.6,1
2040,303660691,4,3,-0.244,4,502,83.1,18.6,1
2040,303662391,0,0,-3.395,6,502,83.1,18.6,1
2040,303662391,1,0,-2.474,6,502,83.1,18.6,1
2040,303662391,2,1,-1.966,6,502,83.1,18.6,1
2040,303662391,3,2,-0.928,6,502,83.1,18.6,1
2040,303662391,4,3,0.182,6,502,83.1,18.6,1
2040,303662391,5,4,0.798,6,502,83.1,18.6,1
2040,303663601,0,0,-3.232,6,502,83.1,18.6,1
2040,303663601,1,0,-2.535,6,502,83.1,18.6,1
2040,303663601,2,1,-0.785,6,502,83.1,18.6,1
2040,303663601,3,2,0.343,6,502,83.1,18.6,1
2040,303663601,4,3,0.573,6,502,83.1,18.6,1
2040,303663601,5,4,1.302,6,502,83.1,18.6,1
2040,303668751,1,0,-1.276,5,502,83.1,18.6,1
2040,303668751,2,1,0.338,5,502,83.1,18.6,1
2040,303668751,3,2,0.852,5,502,83.1,18.6,1
2040,303668751,4,3,0.128,5,502,83.1,18.6,1
2040,303668751,5,4,2.3,5,502,83.1,18.6,1
2040,303671891,0,0,-3.232,5,502,83.1,18.6,1
2040,303671891,1,0,-2.225,5,502,83.1,18.6,1
2040,303671891,2,1,-0.988,5,502,83.1,18.6,1
2040,303671891,3,2,-1.236,5,502,83.1,18.6,1
2040,303671891,4,3,0.021,5,502,83.1,18.6,1
2040,303672001,1,0,-1.13,3,502,83.1,18.6,1
2040,303672001,2,1,-0.427,3,502,83.1,18.6,1
2040,303672001,3,2,0.995,3,502,83.1,18.6,1
2040,303672861,1,0,-2.377,3,502,83.1,18.6,1
2040,303672861,2,1,-0.427,3,502,83.1,18.6,1
2040,303672861,3,2,0.995,3,502,83.1,18.6,1
2040,303673321,1,0,-2.377,4,502,83.1,18.6,1
2040,303673321,3,2,-1.236,4,502,83.1,18.6,1
2040,303673321,4,3,-0.725,4,502,83.1,18.6,1
2040,303673321,5,4,0.65,4,502,83.1,18.6,1
2180,245048322,3,2,-0.623,3,777,96.6,44.4,1
2180,245048322,4,3,0.516,3,777,96.6,44.4,1
2180,245048322,5,4,0.551,3,777,96.6,44.4,1
2180,257495101,1,0,-1.898,5,777,96.6,44.4,1
2180,257495101,2,1,-0.351,5,777,96.6,44.4,1
2180,257495101,3,2,0.343,5,777,96.6,44.4,1
2180,257495101,4,3,0.573,5,777,96.6,44.4,1
2180,257495101,5,4,1.302,5,777,96.6,44.4,1
2180,267638781,1,0,-0.221,5,777,96.6,44.4,1
2180,267638781,2,1,-0.351,5,777,96.6,44.4,1
2180,267638781,3,2,0.227,5,777,96.6,44.4,1
2180,267638781,4,3,0.128,5,777,96.6,44.4,1
2180,267638781,5,4,1.199,5,777,96.6,44.4,1
2180,272929842,3,2,0.852,3,777,96.6,44.4,1
2180,272929842,4,3,0.573,3,777,96.6,44.4,1
2180,272929842,5,4,1.736,3,777,96.6,44.4,1
2180,274924871,0,0,-4.096,3,777,96.6,44.4,1
2180,274924871,1,0,-2.097,3,777,96.6,44.4,1
2180,274924871,2,1,-2.136,3,777,96.6,44.4,1
2180,285387072,3,2,-1.894,3,777,96.6,44.4,1
2180,285387072,4,3,-0.403,3,777,96.6,44.4,1
2180,285387072,5,4,0.452,3,777,96.6,44.4,1
2180,285580822,2,1,-0.988,4,777,96.6,44.4,1
2180,285580822,3,2,-0.725,4,777,96.6,44.4,1
2180,285580822,4,3,0.074,4,777,96.6,44.4,1
2180,285580822,5,4,0.749,4,777,96.6,44.4,1
2180,292777881,1,0,-2.225,5,777,96.6,44.4,1
2180,292777881,2,1,-1.568,5,777,96.6,44.4,1
2180,292777881,3,2,-0.522,5,777,96.6,44.4,1
2180,292777881,4,3,0.292,5,777,96.6,44.4,1
2180,292777881,5,4,1.354,5,777,96.6,44.4,1
2180,292779072,2,1,-1.568,4,777,96.6,44.4,1
2180,292779072,3,2,-0.725,4,777,96.6,44.4,1
2180,292779072,4,3,0.237,4,777,96.6,44.4,1
2180,292779072,5,4,0.947,4,777,96.6,44.4,1
2180,292780081,1,0,-2.162,3,777,96.6,44.4,1
2180,292780081,2,1,-1.568,3,777,96.6,44.4,1
2180,292780081,3,2,-1.555,3,777,96.6,44.4,1
2180,292780321,1,0,-1.038,5,777,96.6,44.4,1
2180,292780321,2,1,-0.351,5,777,96.6,44.4,1
2180,292780321,3,2,-0.316,5,777,96.6,44.4,1
2180,292780321,4,3,0.573,5,777,96.6,44.4,1
2180,292780321,5,4,1.407,5,777,96.6,44.4,1
2180,292780401,1,0,-4.258,5,777,96.6,44.4,1
2180,292780401,2,0,-2.535,5,777,96.6,44.4,1
2180,292780401,3,1,-2.053,5,777,96.6,44.4,1
2180,292780401,4,2,-2.64,5,777,96.6,44.4,1
2180,292780401,5,3,-1.229,5,777,96.6,44.4,1
2180,292781561,1,0,-1.218,3,777,96.6,44.4,1
2180,292781561,2,1,-0.351,3,777,96.6,44.4,1
2180,292781561,3,2,0.587,3,777,96.6,44.4,1
2180,292783851,1,0,-3.021,5,777,96.6,44.4,1
2180,292783851,2,1,-0.194,5,777,96.6,44.4,1
2180,292783851,3,2,-1.555,5,777,96.6,44.4,1
2180,292783851,4,3,0.237,5,777,96.6,44.4,1
2180,292783851,5,4,1.199,5,777,96.6,44.4,1
2180,292785041,0,0,-4.096,4,777,96.6,44.4,1
2180,292785041,1,0,-1.76,4,777,96.6,44.4,1
2180,292785041,2,1,-1.185,4,777,96.6,44.4,1
2180,292785041,3,2,-1.132,4,777,96.6,44.4,1
2180,292785981,1,0,-2.474,5,777,96.6,44.4,1
2180,292785981,2,1,-2.528,5,777,96.6,44.4,1
2180,292785981,3,2,-2.406,5,777,96.6,44.4,1
2180,292785981,4,3,-1.235,5,777,96.6,44.4,1
2180,292785981,5,4,-0.835,5,777,96.6,44.4,1
2180,292786951,1,0,-1.966,5,777,96.6,44.4,1
2180,292786951,2,1,-1.12,5,777,96.6,44.4,1
2180,292786951,3,2,0.003,5,777,96.6,44.4,1
2180,292786951,4,3,0.292,5,777,96.6,44.4,1
2180,292786951,5,4,1.46,5,777,96.6,44.4,1
2180,292789111,1,0,-1.83,5,777,96.6,44.4,1
2180,292789111,2,0,-1.898,5,777,96.6,44.4,1
2180,292789111,3,1,-1.295,5,777,96.6,44.4,1
2180,292789111,4,2,-0.702,5,777,96.6,44.4,1
2180,292789111,5,3,-0.703,5,777,96.6,44.4,1
2180,292789461,0,0,-3.525,3,777,96.6,44.4,1
2180,292789461,1,0,-0.365,3,777,96.6,44.4,1
2180,292789461,2,1,-0.574,3,777,96.6,44.4,1
2180,292791601,1,0,0.893,5,777,96.6,44.4,1
2180,292791601,2,1,0.546,5,777,96.6,44.4,1
2180,292791601,3,2,1.485,5,777,96.6,44.4,1
2180,292791601,4,3,1.134,5,777,96.6,44.4,1
2180,292791601,5,4,1.623,5,777,96.6,44.4,1
2180,292792411,1,0,-3.144,5,777,96.6,44.4,1
2180,292792411,2,0,-2.162,5,777,96.6,44.4,1
2180,292792411,3,1,-2.053,5,777,96.6,44.4,1
2180,292792411,4,2,0.22,5,777,96.6,44.4,1
2180,292792411,5,3,0.811,5,777,96.6,44.4,1
2180,292793731,1,0,-1.541,5,777,96.6,44.4,1
2180,292793731,2,1,-2.461,5,777,96.6,44.4,1
2180,292793731,3,2,-1.555,5,777,96.6,44.4,1
2180,292793731,4,3,-0.616,5,777,96.6,44.4,1
2180,292793731,5,4,0.749,5,777,96.6,44.4,1
2180,292794382,2,1,0.658,4,777,96.6,44.4,1
2180,292794382,3,2,0.003,4,777,96.6,44.4,1
2180,292794382,4,3,0.873,4,777,96.6,44.4,1
2180,292794382,5,4,0.848,4,777,96.6,44.4,1
2180,292795191,1,0,-1.83,5,777,96.6,44.4,1
2180,292795191,2,1,-2.136,5,777,96.6,44.4,1
2180,292795191,3,2,-1.236,5,777,96.6,44.4,1
2180,292795191,4,3,0.292,5,777,96.6,44.4,1
2180,292795191,5,4,-0.116,5,777,96.6,44.4,1
2180,296340762,3,1,-1.934,3,777,96.6,44.4,1
2180,296340762,4,2,-0.823,3,777,96.6,44.4,1
2180,296340762,5,3,-0.264,3,777,96.6,44.4,1
2180,296476662,3,1,-1.757,3,777,96.6,44.4,1
2180,296476662,4,2,-1.732,3,777,96.6,44.4,1
2180,296476662,5,3,-0.759,3,777,96.6,44.4,1
2180,301942171,1,0,-2.96,5,777,96.6,44.4,1
2180,301942171,2,0,-2.032,5,777,96.6,44.4,1
2180,301942171,3,1,-1.468,5,777,96.6,44.4,1
2180,301942171,4,2,-1.608,5,777,96.6,44.4,1
2180,301942171,5,4,-1.229,5,777,96.6,44.4,1
2180,301943061,1,0,-3.46,5,777,96.6,44.4,1
2180,301943061,2,0,-2.474,5,777,96.6,44.4,1
2180,301943061,3,1,-1.295,5,777,96.6,44.4,1
2180,301943061,4,2,-1.303,5,777,96.6,44.4,1
2180,301943061,5,3,-0.264,5,777,96.6,44.4,1
2180,301943491,1,0,-2.097,3,777,96.6,44.4,1
2180,301943491,2,1,-2.009,3,777,96.6,44.4,1
2180,301943491,3,2,-1.236,3,777,96.6,44.4,1
2180,301950511,1,0,-2.032,5,777,96.6,44.4,1
2180,301950511,2,1,-1.568,5,777,96.6,44.4,1
2180,301950511,3,2,-1.778,5,777,96.6,44.4,1
2180,301950511,4,3,-0.945,5,777,96.6,44.4,1
2180,301950511,5,4,-0.975,5,777,96.6,44.4,1
2180,301952481,1,0,-2.596,5,777,96.6,44.4,1
2180,301952481,2,1,-2.873,5,777,96.6,44.4,1
2180,301952481,3,2,-1.778,5,777,96.6,44.4,1
2180,301952481,4,3,-1.296,5,777,96.6,44.4,1
2180,301952481,5,4,0.352,5,777,96.6,44.4,1
2180,301952721,1,0,-2.657,3,777,96.6,44.4,1
2180,301952721,2,1,-2.136,3,777,96.6,44.4,1
2180,301952721,3,2,-0.725,3,777,96.6,44.4,1
2180,301953961,1,0,-0.221,3,777,96.6,44.4,1
2180,301953961,2,1,-0.785,3,777,96.6,44.4,1
2180,301953961,3,2,0.995,3,777,96.6,44.4,1
2180,302132542,2,1,-0.365,4,777,96.6,44.4,1
2180,302132542,3,2,0.003,4,777,96.6,44.4,1
2180,302132542,4,3,0.751,4,777,96.6,44.4,1
2180,302132542,5,4,0.848,4,777,96.6,44.4,1
2180,303478033,3,2,0.343,3,777,96.6,44.4,1
2180,303478033,4,3,1.498,3,777,96.6,44.4,1
2180,303478033,5,4,2.231,3,777,96.6,44.4,1
2180,304796611,1,0,-0.733,4,777,96.6,44.4,1
2180,304796611,2,1,-0.194,4,777,96.6,44.4,1
2180,304796611,3,2,0.716,4,777,96.6,44.4,1
2180,304796611,4,3,0.691,4,777,96.6,44.4,1
2180,308819582,2,1,-2.009,4,777,96.6,44.4,1
2180,308819582,3,2,-1.665,4,777,96.6,44.4,1
2180,308819582,4,3,-0.456,4,777,96.6,44.4,1
2180,308819582,5,4,0.352,4,777,96.6,44.4,1
2180,308845071,1,0,-1.898,3,777,96.6,44.4,1
2180,308845071,2,1,1.194,3,777,96.6,44.4,1
2180,308845071,3,2,0.343,3,777,96.6,44.4,1
2180,314334872,2,1,-1.054,NA,777,96.6,44.4,1
2180,314334872,3,2,-0.522,NA,777,96.6,44.4,1
2180,314334872,4,3,0.573,NA,777,96.6,44.4,1
2180,314334872,5,4,1.514,NA,777,96.6,44.4,1
2180,316222631,1,0,-1.898,NA,777,96.6,44.4,1
2180,316222631,2,1,-1.694,NA,777,96.6,44.4,1
2180,316222631,3,2,-1.665,NA,777,96.6,44.4,1
2180,316222631,4,3,-0.244,NA,777,96.6,44.4,1
2180,316225061,1,0,-2.097,NA,777,96.6,44.4,1
2180,316225061,2,0,-2.225,NA,777,96.6,44.4,1
2180,316225061,3,1,-2.235,NA,777,96.6,44.4,1
2180,316225061,4,2,-0.762,NA,777,96.6,44.4,1
2180,316225061,5,3,-0.873,NA,777,96.6,44.4,1
2330,200373691,1,0,-1.616,5,800,78.9,31.7,1
2330,200373691,2,1,-1.83,5,800,78.9,31.7,1
2330,200373691,3,2,-1.132,5,800,78.9,31.7,1
2330,200373691,4,3,-0.616,5,800,78.9,31.7,1
2330,200373691,5,4,-0.062,5,800,78.9,31.7,1
2330,266889302,2,1,-2.395,4,800,78.9,31.7,1
2330,266889302,3,2,0.003,4,800,78.9,31.7,1
2330,266889302,4,3,-1.42,4,800,78.9,31.7,1
2330,266889302,5,4,-0.225,4,800,78.9,31.7,1
2330,278630191,0,0,-2.413,6,800,78.9,31.7,1
2330,278630191,1,0,-1.384,6,800,78.9,31.7,1
2330,278630191,2,1,-0.427,6,800,78.9,31.7,1
2330,278630191,3,2,0.114,6,800,78.9,31.7,1
2330,278630191,4,3,0.573,6,800,78.9,31.7,1
2330,278630191,5,4,1.047,6,800,78.9,31.7,1
2330,281014733,3,2,-1.894,3,800,78.9,31.7,1
2330,281014733,4,3,-1.235,3,800,78.9,31.7,1
2330,281014733,5,4,0.044,3,800,78.9,31.7,1
2330,284231521,1,0,-2.162,5,800,78.9,31.7,1
2330,284231521,2,1,-2.136,5,800,78.9,31.7,1
2330,284231521,3,2,-0.522,5,800,78.9,31.7,1
2330,284231521,4,3,0.632,5,800,78.9,31.7,1
2330,284231521,5,4,1.25,5,800,78.9,31.7,1
2330,288950542,3,2,0.716,3,800,78.9,31.7,1
2330,288950542,4,3,0.237,3,800,78.9,31.7,1
2330,288950542,5,4,0.897,3,800,78.9,31.7,1
2330,289370593,3,2,2.14,3,800,78.9,31.7,1
2330,289370593,4,3,-0.403,3,800,78.9,31.7,1
2330,289370593,5,4,1.148,3,800,78.9,31.7,1
2330,289764962,3,2,0.587,3,800,78.9,31.7,1
2330,289764962,4,3,0.237,3,800,78.9,31.7,1
2330,289764962,5,4,2.231,3,800,78.9,31.7,1
2330,291310822,2,1,-1.12,3,800,78.9,31.7,1
2330,291310822,3,2,0.852,3,800,78.9,31.7,1
2330,291310822,4,3,-0.086,3,800,78.9,31.7,1
2330,292291473,3,2,-0.316,3,800,78.9,31.7,1
2330,292291473,4,3,0.751,3,800,78.9,31.7,1
2330,292291473,5,4,1.623,3,800,78.9,31.7,1
2330,295884063,3,2,-1.236,3,800,78.9,31.7,1
2330,295884063,4,3,-0.779,3,800,78.9,31.7,1
2330,295884063,5,4,0.501,3,800,78.9,31.7,1
2330,296738882,2,1,-0.351,4,800,78.9,31.7,1
2330,296738882,3,2,1.146,4,800,78.9,31.7,1
2330,296738882,4,3,1.578,4,800,78.9,31.7,1
2330,296738882,5,4,2.682,4,800,78.9,31.7,1
2330,300521962,2,1,0.241,4,800,78.9,31.7,1
2330,300521962,3,2,1.146,4,800,78.9,31.7,1
2330,300521962,4,3,1.346,4,800,78.9,31.7,1
2330,300521962,5,4,2.371,4,800,78.9,31.7,1
2330,300633091,1,0,-1.541,5,800,78.9,31.7,1
2330,300633091,2,1,-0.574,5,800,78.9,31.7,1
2330,300633091,3,2,-0.928,5,800,78.9,31.7,1
2330,300633091,4,3,-0.456,5,800,78.9,31.7,1
2330,300633091,5,4,-0.008,5,800,78.9,31.7,1
2330,300633681,1,0,-1.83,5,800,78.9,31.7,1
2330,300633681,2,1,-0.645,5,800,78.9,31.7,1
2330,300633681,3,2,0.003,5,800,78.9,31.7,1
2330,300633681,4,3,1.421,5,800,78.9,31.7,1
2330,300633681,5,4,1.623,5,800,78.9,31.7,1
2330,300634493,3,2,0.995,3,800,78.9,31.7,1
2330,300634493,4,3,0.811,3,800,78.9,31.7,1
2330,300634493,5,4,2.3,3,800,78.9,31.7,1
2330,300637081,1,0,-2.899,4,800,78.9,31.7,1
2330,300637081,2,1,-1.25,4,800,78.9,31.7,1
2330,300637081,3,2,1.309,4,800,78.9,31.7,1
2330,300637081,4,3,1.273,4,800,78.9,31.7,1
2330,300637591,1,0,-0.619,5,800,78.9,31.7,1
2330,300637591,2,1,0.546,5,800,78.9,31.7,1
2330,300637591,3,2,1.894,5,800,78.9,31.7,1
2330,300637591,4,3,2.034,5,800,78.9,31.7,1
2330,300637591,5,4,3.055,5,800,78.9,31.7,1
2330,300641941,0,0,-3.558,6,800,78.9,31.7,1
2330,300641941,1,0,-1.76,6,800,78.9,31.7,1
2330,300641941,2,1,-0.574,6,800,78.9,31.7,1
2330,300641941,3,2,0.716,6,800,78.9,31.7,1
2330,300641941,4,3,-0.456,6,800,78.9,31.7,1
2330,300641941,5,4,0.749,6,800,78.9,31.7,1
2330,300643211,1,0,-1.616,5,800,78.9,31.7,1
2330,300643211,2,1,-0.645,5,800,78.9,31.7,1
2330,300643211,3,2,-0.522,5,800,78.9,31.7,1
2330,300643211,4,3,0.292,5,800,78.9,31.7,1
2330,300643211,5,4,1.679,5,800,78.9,31.7,1
2330,300643561,1,0,-1.76,5,800,78.9,31.7,1
2330,300643561,2,1,-0.988,5,800,78.9,31.7,1
2330,300643561,3,2,-0.826,5,800,78.9,31.7,1
2330,300643561,4,3,0.128,5,800,78.9,31.7,1
2330,300643561,5,4,0.65,5,800,78.9,31.7,1
2330,300645261,0,0,-2.288,6,800,78.9,31.7,1
2330,300645261,1,0,-1.689,6,800,78.9,31.7,1
2330,300645261,2,1,-2.009,6,800,78.9,31.7,1
2330,300645261,3,2,-0.419,6,800,78.9,31.7,1
2330,300645261,4,3,-0.456,6,800,78.9,31.7,1
2330,300645261,5,4,0.2,6,800,78.9,31.7,1
2330,300645851,1,0,-2.596,3,800,78.9,31.7,1
2330,300645851,2,1,-1.441,3,800,78.9,31.7,1
2330,300645851,3,2,-0.725,3,800,78.9,31.7,1
2330,300646741,1,0,-2.288,5,800,78.9,31.7,1
2330,300646741,2,1,-0.988,5,800,78.9,31.7,1
2330,300646741,3,2,0.587,5,800,78.9,31.7,1
2330,300646741,4,3,-0.192,5,800,78.9,31.7,1
2330,300646741,5,4,0.848,5,800,78.9,31.7,1
2330,300648011,1,0,-2.097,5,800,78.9,31.7,1
2330,300648011,2,1,-1.12,5,800,78.9,31.7,1
2330,300648011,3,2,-0.419,5,800,78.9,31.7,1
2330,300648011,4,3,-0.456,5,800,78.9,31.7,1
2330,300648011,5,4,0.2,5,800,78.9,31.7,1
2330,302136452,3,2,0.852,3,800,78.9,31.7,1
2330,302136452,4,3,-0.192,3,800,78.9,31.7,1
2330,302136452,5,4,0.997,3,800,78.9,31.7,1
2330,302340141,1,0,-1.541,5,800,78.9,31.7,1
2330,302340141,2,1,0.058,5,800,78.9,31.7,1
2330,302340141,3,2,1.894,5,800,78.9,31.7,1
2330,302340141,4,3,1.839,5,800,78.9,31.7,1
2330,302340141,5,4,1.973,5,800,78.9,31.7,1
2330,307032351,1,0,-1.76,3,800,78.9,31.7,1
2330,307032351,2,1,-0.501,3,800,78.9,31.7,1
2330,307032351,3,2,0.343,3,800,78.9,31.7,1
2330,307169301,1,0,-0.497,5,800,78.9,31.7,1
2330,307169301,2,1,0.905,5,800,78.9,31.7,1
2330,307169301,3,2,1.894,5,800,78.9,31.7,1
2330,307169301,4,3,1.421,5,800,78.9,31.7,1
2330,307169301,5,4,2.3,5,800,78.9,31.7,1
2330,307176001,1,0,-1.83,5,800,78.9,31.7,1
2330,307176001,2,1,-0.112,5,800,78.9,31.7,1
2330,307176001,3,2,0.995,5,800,78.9,31.7,1
2330,307176001,4,3,0.811,5,800,78.9,31.7,1
2330,307176001,5,4,0.699,5,800,78.9,31.7,1
2330,308469662,3,2,1.485,3,800,78.9,31.7,1
2330,308469662,4,3,0.751,3,800,78.9,31.7,1
2330,308469662,5,4,1.098,3,800,78.9,31.7,1
2330,311892681,1,0,-3.558,3,800,78.9,31.7,1
2330,311892681,2,1,-1.689,3,800,78.9,31.7,1
2330,311892681,3,2,-1.132,3,800,78.9,31.7,1
2330,311893141,1,0,-1.616,3,800,78.9,31.7,1
2330,311893141,2,1,-0.645,3,800,78.9,31.7,1
2330,311893141,3,2,0.003,3,800,78.9,31.7,1
2330,311899931,1,0,-2.162,5,800,78.9,31.7,1
2330,311899931,2,1,-2.009,5,800,78.9,31.7,1
2330,311899931,3,2,1.146,5,800,78.9,31.7,1
2330,311899931,4,3,-1.002,5,800,78.9,31.7,1
2330,311899931,5,4,-0.225,5,800,78.9,31.7,1
2330,311903471,1,0,-2.225,5,800,78.9,31.7,1
2330,311903471,2,1,-2.2,5,800,78.9,31.7,1
2330,311903471,3,2,-1.34,5,800,78.9,31.7,1
2330,311903471,4,3,-1.685,5,800,78.9,31.7,1
2330,311903471,5,4,0.148,5,800,78.9,31.7,1
2330,315190632,2,1,-0.112,NA,800,78.9,31.7,1
2330,315190632,3,2,-1.555,NA,800,78.9,31.7,1
2330,315190632,4,3,-0.086,NA,800,78.9,31.7,1
2330,315190632,5,4,0.798,NA,800,78.9,31.7,1
2340,179996481,1,0,-1.83,5,1133,93.7,67,1
2340,179996481,2,1,-1.038,5,1133,93.7,67,1
2340,179996481,3,2,0.114,5,1133,93.7,67,1
2340,179996481,4,3,0.237,5,1133,93.7,67,1
2340,179996481,5,4,1.623,5,1133,93.7,67,1
2340,224471221,1,0,-0.974,5,1133,93.7,67,1
2340,224471221,2,1,-0.988,5,1133,93.7,67,1
2340,224471221,3,2,-0.522,5,1133,93.7,67,1
2340,224471221,4,3,1.001,5,1133,93.7,67,1
2340,224471221,5,4,1.047,5,1133,93.7,67,1
2340,224509052,2,1,-0.351,4,1133,93.7,67,1
2340,224509052,3,2,-0.928,4,1133,93.7,67,1
2340,224509052,4,3,-0.192,4,1133,93.7,67,1
2340,224509052,5,4,1.354,4,1133,93.7,67,1
2340,224509131,1,0,-1.987,5,1133,93.7,67,1
2340,224509131,2,1,-1.378,5,1133,93.7,67,1
2340,224509131,3,2,-0.419,5,1133,93.7,67,1
2340,224509131,4,3,0.292,5,1133,93.7,67,1
2340,224509131,5,4,0.097,5,1133,93.7,67,1
2340,224510221,1,0,-3.082,5,1133,93.7,67,1
2340,224510221,2,1,-0.854,5,1133,93.7,67,1
2340,224510221,3,2,-1.03,5,1133,93.7,67,1
2340,224510221,4,3,-0.725,5,1133,93.7,67,1
2340,224510221,5,4,-0.062,5,1133,93.7,67,1
2340,224529321,1,0,-1.987,5,1133,93.7,67,1
2340,224529321,2,1,-0.221,5,1133,93.7,67,1
2340,224529321,3,2,0.716,5,1133,93.7,67,1
2340,224529321,4,3,0.347,5,1133,93.7,67,1
2340,224529321,5,4,1.199,5,1133,93.7,67,1
2340,224530921,1,0,-3.068,5,1133,93.7,67,1
2340,224530921,2,0,-2.899,5,1133,93.7,67,1
2340,224530921,3,1,-1.004,5,1133,93.7,67,1
2340,224530921,4,2,-2.335,5,1133,93.7,67,1
2340,224530921,5,3,-0.759,5,1133,93.7,67,1
2340,224533941,1,0,-2.558,5,1133,93.7,67,1
2340,224533941,2,0,-1.898,5,1133,93.7,67,1
2340,224533941,3,1,-1.121,5,1133,93.7,67,1
2340,224533941,4,2,-1.424,5,1133,93.7,67,1
2340,224533941,5,3,-1.229,5,1133,93.7,67,1
2340,224539201,1,0,-2.657,4,1133,93.7,67,1
2340,224539201,2,1,-1.882,4,1133,93.7,67,1
2340,224539201,3,2,-1.132,4,1133,93.7,67,1
2340,224539201,4,3,-0.67,4,1133,93.7,67,1
2340,224543071,1,0,-0.942,5,1133,93.7,67,1
2340,224543071,2,1,0.148,5,1133,93.7,67,1
2340,224543071,3,2,0.716,5,1133,93.7,67,1
2340,224543071,4,3,1.346,5,1133,93.7,67,1
2340,224543071,5,4,2.164,5,1133,93.7,67,1
2340,224546251,1,0,-4.055,5,1133,93.7,67,1
2340,224546251,2,1,-2.657,5,1133,93.7,67,1
2340,224546251,3,2,-1.132,5,1133,93.7,67,1
2340,224546251,4,3,-0.403,5,1133,93.7,67,1
2340,224546251,5,4,-0.702,5,1133,93.7,67,1
2340,224547141,1,0,-4.055,5,1133,93.7,67,1
2340,224547141,2,1,-3.082,5,1133,93.7,67,1
2340,224547141,3,2,0.227,5,1133,93.7,67,1
2340,224547141,4,3,-1.685,5,1133,93.7,67,1
2340,224547141,5,4,-0.062,5,1133,93.7,67,1
2340,250079212,2,1,-0.988,4,1133,93.7,67,1
2340,250079212,3,2,-0.826,4,1133,93.7,67,1
2340,250079212,4,3,-0.403,4,1133,93.7,67,1
2340,250079212,5,4,-0.225,4,1133,93.7,67,1
2340,256751421,0,0,-2.902,4,1133,93.7,67,1
2340,256751421,1,0,-1.987,4,1133,93.7,67,1
2340,256751421,2,1,-1.541,4,1133,93.7,67,1
2340,256751421,3,2,-0.725,4,1133,93.7,67,1
2340,276859192,3,1,-1.993,3,1133,93.7,67,1
2340,276859192,4,2,-1.732,3,1133,93.7,67,1
2340,276859192,5,3,-1.107,3,1133,93.7,67,1
2340,280809991,0,0,-2.558,5,1133,93.7,67,1
2340,280809991,1,0,-1.772,5,1133,93.7,67,1
2340,280809991,2,1,-1.13,5,1133,93.7,67,1
2340,280809991,3,2,-2.551,5,1133,93.7,67,1
2340,280809991,4,3,-0.35,5,1133,93.7,67,1
2340,281403122,2,1,-1.378,3,1133,93.7,67,1
2340,281403122,3,2,-1.34,3,1133,93.7,67,1
2340,281403122,4,3,-0.297,3,1133,93.7,67,1
2340,283490171,1,0,-2.413,2,1133,93.7,67,1
2340,283490171,3,2,0.343,2,1133,93.7,67,1
2340,283645042,2,1,-2.657,4,1133,93.7,67,1
2340,283645042,3,2,-1.236,4,1133,93.7,67,1
2340,283645042,4,3,-0.297,4,1133,93.7,67,1
2340,283645042,5,4,0.251,4,1133,93.7,67,1
2340,285389011,0,0,-3.232,4,1133,93.7,67,1
2340,285389011,1,0,-2.351,4,1133,93.7,67,1
2340,285389011,2,1,-1.541,4,1133,93.7,67,1
2340,285389011,3,2,-1.34,4,1133,93.7,67,1
2340,285586512,3,2,-0.826,3,1133,93.7,67,1
2340,285586512,4,3,-0.456,3,1133,93.7,67,1
2340,285586512,5,4,-0.062,3,1133,93.7,67,1
2340,286939581,1,0,-3.068,5,1133,93.7,67,1
2340,286939581,2,1,-1.76,5,1133,93.7,67,1
2340,286939581,3,2,0.003,5,1133,93.7,67,1
2340,286939581,4,3,-1.176,5,1133,93.7,67,1
2340,286939581,5,4,0.501,5,1133,93.7,67,1
2340,287961612,3,2,-0.522,2,1133,93.7,67,1
2340,287961612,5,4,0.897,2,1133,93.7,67,1
2340,288448161,1,0,-3.021,3,1133,93.7,67,1
2340,288448161,2,1,-1.464,3,1133,93.7,67,1
2340,288448161,3,2,0.227,3,1133,93.7,67,1
2340,291303882,1,0,-2.899,5,1133,93.7,67,1
2340,291303882,2,1,-1.054,5,1133,93.7,67,1
2340,291303882,3,2,-0.826,5,1133,93.7,67,1
2340,291303882,4,3,0.074,5,1133,93.7,67,1
2340,291303882,5,4,0.044,5,1133,93.7,67,1
2340,291715642,3,2,-0.725,3,1133,93.7,67,1
2340,291715642,4,3,0.403,3,1133,93.7,67,1
2340,291715642,5,4,0.897,3,1133,93.7,67,1
2340,300735251,1,0,-2.351,5,1133,93.7,67,1
2340,300735251,2,1,-0.942,5,1133,93.7,67,1
2340,300735251,3,2,-1.555,5,1133,93.7,67,1
2340,300735251,4,3,-0.563,5,1133,93.7,67,1
2340,300735251,5,4,0.997,5,1133,93.7,67,1
2340,301100131,1,0,-2.097,3,1133,93.7,67,1
2340,301100131,2,1,-1.038,3,1133,93.7,67,1
2340,301100131,3,2,-0.105,3,1133,93.7,67,1
2340,301541261,1,0,-1.038,5,1133,93.7,67,1
2340,301541261,2,1,0.058,5,1133,93.7,67,1
2340,301541261,3,2,0.716,5,1133,93.7,67,1
2340,301541261,4,3,1.346,5,1133,93.7,67,1
2340,301541261,5,4,2.682,5,1133,93.7,67,1
2340,302884752,2,1,-0.785,3,1133,93.7,67,1
2340,302884752,3,2,0.463,3,1133,93.7,67,1
2340,302884752,4,3,1.748,3,1133,93.7,67,1
2340,302983651,1,0,-1.772,3,1133,93.7,67,1
2340,302983651,2,1,-0.427,3,1133,93.7,67,1
2340,302983651,3,2,0.587,3,1133,93.7,67,1
2340,303012773,3,2,0.114,3,1133,93.7,67,1
2340,303012773,4,3,0.751,3,1133,93.7,67,1
2340,303012773,5,4,1.407,3,1133,93.7,67,1
2340,303014122,2,1,-1.054,4,1133,93.7,67,1
2340,303014122,3,2,-0.419,4,1133,93.7,67,1
2340,303014122,4,3,0.632,4,1133,93.7,67,1
2340,303014122,5,4,1.098,4,1133,93.7,67,1
2340,303649531,1,0,-1.616,5,1133,93.7,67,1
2340,303649531,2,1,-0.574,5,1133,93.7,67,1
2340,303649531,3,2,0.716,5,1133,93.7,67,1
2340,303649531,4,3,0.573,5,1133,93.7,67,1
2340,303649531,5,4,1.679,5,1133,93.7,67,1
2340,306873292,2,0,-2.596,4,1133,93.7,67,1
2340,306873292,3,1,-1.121,4,1133,93.7,67,1
2340,306873292,4,2,-1.424,4,1133,93.7,67,1
2340,306873292,5,3,-0.592,4,1133,93.7,67,1
2340,307401731,1,0,-2.377,3,1133,93.7,67,1
2340,307401731,2,1,-1.631,3,1133,93.7,67,1
2340,307401731,3,2,-1.34,3,1133,93.7,67,1
2340,308070571,1,0,-2.097,3,1133,93.7,67,1
2340,308070571,2,1,-0.574,3,1133,93.7,67,1
2340,308070571,3,2,-0.623,3,1133,93.7,67,1
2340,308345341,1,0,-2.288,4,1133,93.7,67,1
2340,308345341,2,1,-0.574,4,1133,93.7,67,1
2340,308345341,3,2,0.003,4,1133,93.7,67,1
2340,308345341,4,3,-0.616,4,1133,93.7,67,1
2340,308345691,1,0,-1.538,5,1133,93.7,67,1
2340,308345691,2,1,-1.541,5,1133,93.7,67,1
2340,308345691,3,2,-1.03,5,1133,93.7,67,1
2340,308345691,4,3,-0.403,5,1133,93.7,67,1
2340,308345691,5,4,0.997,5,1133,93.7,67,1
2340,308346581,1,0,-4.055,5,1133,93.7,67,1
2340,308346581,2,1,-1.464,5,1133,93.7,67,1
2340,308346581,3,2,0.003,5,1133,93.7,67,1
2340,308346581,4,3,-0.945,5,1133,93.7,67,1
2340,308346581,5,4,-0.17,5,1133,93.7,67,1
2340,308354411,1,0,-1.987,5,1133,93.7,67,1
2340,308354411,2,1,-1.689,5,1133,93.7,67,1
2340,308354411,3,2,-0.522,5,1133,93.7,67,1
2340,308354411,4,3,-0.192,5,1133,93.7,67,1
2340,308354411,5,4,0.699,5,1133,93.7,67,1
2340,308355141,1,0,-2.732,4,1133,93.7,67,1
2340,308355141,2,1,-0.574,4,1133,93.7,67,1
2340,308355141,3,2,-0.105,4,1133,93.7,67,1
2340,308355141,4,3,1.202,4,1133,93.7,67,1
2340,308355301,1,0,-1.541,5,1133,93.7,67,1
2340,308355301,2,1,0.12,5,1133,93.7,67,1
2340,308355301,3,2,1.146,5,1133,93.7,67,1
2340,308355301,4,3,1.839,5,1133,93.7,67,1
2340,308355301,5,4,2.445,5,1133,93.7,67,1
2340,308356381,1,0,-3.558,5,1133,93.7,67,1
2340,308356381,2,1,-1.218,5,1133,93.7,67,1
2340,308356381,3,2,-1.34,5,1133,93.7,67,1
2340,308356381,4,3,-0.834,5,1133,93.7,67,1
2340,308356381,5,4,0.301,5,1133,93.7,67,1
2340,308356462,2,1,-2.032,4,1133,93.7,67,1
2340,308356462,3,2,-1.778,4,1133,93.7,67,1
2340,308356462,4,2,-0.391,4,1133,93.7,67,1
2340,308356462,5,3,0.339,4,1133,93.7,67,1
2340,308357781,1,0,-2.413,5,1133,93.7,67,1
2340,308357781,2,1,-1.218,5,1133,93.7,67,1
2340,308357781,3,2,0.343,5,1133,93.7,67,1
2340,308357781,4,3,-0.509,5,1133,93.7,67,1
2340,308357781,5,4,0.699,5,1133,93.7,67,1
2340,308357941,1,0,-1.538,5,1133,93.7,67,1
2340,308357941,2,1,-1.185,5,1133,93.7,67,1
2340,308357941,3,2,-0.419,5,1133,93.7,67,1
2340,308357941,4,3,0.128,5,1133,93.7,67,1
2340,308357941,5,4,0.65,5,1133,93.7,67,1
2340,308358321,1,0,-2.032,3,1133,93.7,67,1
2340,308358321,2,1,-1.13,3,1133,93.7,67,1
2340,308358321,3,2,-1.03,3,1133,93.7,67,1
2340,308363321,1,0,-2.558,5,1133,93.7,67,1
2340,308363321,2,1,-1.616,5,1133,93.7,67,1
2340,308363321,3,2,-0.211,5,1133,93.7,67,1
2340,308363321,4,3,-1.002,5,1133,93.7,67,1
2340,308363321,5,4,0.65,5,1133,93.7,67,1
2340,308767921,1,0,-1.13,4,1133,93.7,67,1
2340,308767921,2,1,0.658,4,1133,93.7,67,1
2340,308767921,3,2,2.43,4,1133,93.7,67,1
2340,308767921,4,3,1.839,4,1133,93.7,67,1
2340,310857801,1,0,-0.733,5,1133,93.7,67,1
2340,310857801,2,1,0.546,5,1133,93.7,67,1
2340,310857801,3,2,0.852,5,1133,93.7,67,1
2340,310857801,4,3,2.653,5,1133,93.7,67,1
2340,310857801,5,4,3.699,5,1133,93.7,67,1
2340,311114392,3,1,-0.521,3,1133,93.7,67,1
2340,311114392,4,2,-1.003,3,1133,93.7,67,1
2340,311114392,5,3,-0.482,3,1133,93.7,67,1
2340,311114711,1,0,-2.097,4,1133,93.7,67,1
2340,311114711,2,1,-1.384,4,1133,93.7,67,1
2340,311114711,3,2,-1.555,4,1133,93.7,67,1
2340,311114711,4,3,-0.563,4,1133,93.7,67,1
2380,261739731,1,0,-2.097,5,439,36.9,39.3,1
2380,261739731,2,1,-0.854,5,439,36.9,39.3,1
2380,261739731,3,2,1.678,5,439,36.9,39.3,1
2380,261739731,4,3,1.661,5,439,36.9,39.3,1
2380,261739731,5,4,2.445,5,439,36.9,39.3,1
2380,261740151,1,0,-1.464,5,439,36.9,39.3,1
2380,261740151,2,1,-0.785,5,439,36.9,39.3,1
2380,261740151,3,2,1.309,5,439,36.9,39.3,1
2380,261740151,4,3,2.14,5,439,36.9,39.3,1
2380,261740151,5,4,2.099,5,439,36.9,39.3,1
2380,261740821,1,0,-3.659,5,439,36.9,39.3,1
2380,261740821,2,1,-1.12,5,439,36.9,39.3,1
2380,261740821,3,2,-1.446,5,439,36.9,39.3,1
2380,261740821,4,3,-0.297,5,439,36.9,39.3,1
2380,261740821,5,4,1.679,5,439,36.9,39.3,1
2380,261740901,1,0,-2.097,5,439,36.9,39.3,1
2380,261740901,2,1,-0.574,5,439,36.9,39.3,1
2380,261740901,3,2,-0.623,5,439,36.9,39.3,1
2380,261740901,4,3,0.128,5,439,36.9,39.3,1
2380,261740901,5,4,1.46,5,439,36.9,39.3,1
2380,261741391,1,0,-1.76,5,439,36.9,39.3,1
2380,261741391,2,1,-1.12,5,439,36.9,39.3,1
2380,261741391,3,2,0.227,5,439,36.9,39.3,1
2380,261741391,4,3,1.661,5,439,36.9,39.3,1
2380,261741391,5,4,1.794,5,439,36.9,39.3,1
2380,261741631,1,0,-0.942,5,439,36.9,39.3,1
2380,261741631,2,1,-0.854,5,439,36.9,39.3,1
2380,261741631,3,2,0.995,5,439,36.9,39.3,1
2380,261741631,4,3,0.516,5,439,36.9,39.3,1
2380,261741631,5,4,2.099,5,439,36.9,39.3,1
2380,261742441,1,0,-3.659,5,439,36.9,39.3,1
2380,261742441,2,1,-1.441,5,439,36.9,39.3,1
2380,261742441,3,2,-1.665,5,439,36.9,39.3,1
2380,261742441,4,3,-0.35,5,439,36.9,39.3,1
2380,261742441,5,4,1.199,5,439,36.9,39.3,1
2380,261742521,1,0,-1.13,5,439,36.9,39.3,1
2380,261742521,2,1,-0.854,5,439,36.9,39.3,1
2380,261742521,3,2,0.716,5,439,36.9,39.3,1
2380,261742521,4,3,1.934,5,439,36.9,39.3,1
2380,261742521,5,4,3.544,5,439,36.9,39.3,1
2380,261742951,1,0,-2.097,5,439,36.9,39.3,1
2380,261742951,2,1,-1.12,5,439,36.9,39.3,1
2380,261742951,3,2,-1.446,5,439,36.9,39.3,1
2380,261742951,4,3,0.021,5,439,36.9,39.3,1
2380,261742951,5,4,1.302,5,439,36.9,39.3,1
2380,269827661,1,0,-3.144,5,439,36.9,39.3,1
2380,269827661,2,0,-1.13,5,439,36.9,39.3,1
2380,269827661,3,1,-1.179,5,439,36.9,39.3,1
2380,269827661,4,2,-0.762,5,439,36.9,39.3,1
2380,269827661,5,3,1.003,5,439,36.9,39.3,1
2380,283728171,0,0,-3.46,6,439,36.9,39.3,1
2380,283728171,1,0,-2.718,6,439,36.9,39.3,1
2380,283728171,2,1,0.658,6,439,36.9,39.3,1
2380,283728171,3,2,-0.623,6,439,36.9,39.3,1
2380,283728171,4,3,-0.297,6,439,36.9,39.3,1
2380,283728171,5,4,0.897,6,439,36.9,39.3,1
2380,286058032,1,0,-3.525,3,439,36.9,39.3,1
2380,286058032,2,1,-0.273,3,439,36.9,39.3,1
2380,286058032,3,2,-1.665,3,439,36.9,39.3,1
2380,287526281,1,0,-1.83,5,439,36.9,39.3,1
2380,287526281,2,1,-0.854,5,439,36.9,39.3,1
2380,287526281,3,2,0.003,5,439,36.9,39.3,1
2380,287526281,4,3,0.936,5,439,36.9,39.3,1
2380,287526281,5,4,1.46,5,439,36.9,39.3,1
2380,292511772,2,1,0.058,4,439,36.9,39.3,1
2380,292511772,3,2,0.852,4,439,36.9,39.3,1
2380,292511772,4,3,0.632,4,439,36.9,39.3,1
2380,292511772,5,4,1.794,4,439,36.9,39.3,1
2380,297988692,2,1,-1.314,4,439,36.9,39.3,1
2380,297988692,3,2,-1.665,4,439,36.9,39.3,1
2380,297988692,4,3,-0.35,4,439,36.9,39.3,1
2380,297988692,5,4,0.452,4,439,36.9,39.3,1
2380,300964952,2,1,0.148,4,439,36.9,39.3,1
2380,300964952,3,2,0.716,4,439,36.9,39.3,1
2380,300964952,4,3,1.066,4,439,36.9,39.3,1
2380,300964952,5,4,1.354,4,439,36.9,39.3,1
2380,306911992,3,2,-0.522,3,439,36.9,39.3,1
2380,306911992,4,3,0.128,3,439,36.9,39.3,1
2380,306911992,5,4,1.852,3,439,36.9,39.3,1
2380,307191152,3,2,0.463,3,439,36.9,39.3,1
2380,307191152,4,3,0.811,3,439,36.9,39.3,1
2380,307191152,5,4,1.407,3,439,36.9,39.3,1
2380,309566211,1,0,-2.899,5,439,36.9,39.3,1
2380,309566211,2,1,0.546,5,439,36.9,39.3,1
2380,309566211,3,2,-1.03,5,439,36.9,39.3,1
2380,309566211,4,3,0.347,5,439,36.9,39.3,1
2380,309566211,5,4,1.852,5,439,36.9,39.3,1
2390,224500261,1,0,-1.538,4,566,100,39.9,1
2390,224500261,2,1,-1.12,4,566,100,39.9,1
2390,224500261,3,2,0.343,4,566,100,39.9,1
2390,224500261,4,3,0.691,4,566,100,39.9,1
2390,273024321,1,0,-3.558,5,566,100,39.9,1
2390,273024321,2,0,-3.068,5,566,100,39.9,1
2390,273024321,3,1,-1.874,5,566,100,39.9,1
2390,273024321,4,2,-1.485,5,566,100,39.9,1
2390,273024321,5,3,-0.647,5,566,100,39.9,1
2390,273025641,1,0,-2.732,5,566,100,39.9,1
2390,273025641,2,1,-2.265,5,566,100,39.9,1
2390,273025641,3,1,-1.874,5,566,100,39.9,1
2390,273025641,4,1,-1.363,5,566,100,39.9,1
2390,273025641,5,3,-0.93,5,566,100,39.9,1
2390,273026021,1,0,-2.377,5,566,100,39.9,1
2390,273026021,2,1,-1.505,5,566,100,39.9,1
2390,273026021,3,2,-1.446,5,566,100,39.9,1
2390,273026021,4,3,-0.139,5,566,100,39.9,1
2390,273026021,5,4,1.302,5,566,100,39.9,1
2390,273026961,1,0,-2.558,5,566,100,39.9,1
2390,273026961,2,1,-1.757,5,566,100,39.9,1
2390,273026961,3,2,-1.665,5,566,100,39.9,1
2390,273026961,4,3,-0.725,5,566,100,39.9,1
2390,273026961,5,4,0.044,5,566,100,39.9,1
2390,273029121,1,0,-3.068,5,566,100,39.9,1
2390,273029121,2,1,-1.568,5,566,100,39.9,1
2390,273029121,3,2,-0.826,5,566,100,39.9,1
2390,273029121,4,3,-0.35,5,566,100,39.9,1
2390,273029121,5,4,0.452,5,566,100,39.9,1
2390,273048421,1,0,-3.558,5,566,100,39.9,1
2390,273048421,2,1,-1.441,5,566,100,39.9,1
2390,273048421,3,2,-0.419,5,566,100,39.9,1
2390,273048421,4,3,-0.244,5,566,100,39.9,1
2390,273048421,5,4,0.798,5,566,100,39.9,1
2390,273048851,1,0,-1.276,4,566,100,39.9,1
2390,273048851,2,1,0.905,4,566,100,39.9,1
2390,273048851,3,2,0.716,4,566,100,39.9,1
2390,273048851,4,3,1.421,4,566,100,39.9,1
2390,273050911,1,0,-2.377,3,566,100,39.9,1
2390,273050911,2,1,-3.171,3,566,100,39.9,1
2390,273050911,3,1,-2.297,3,566,100,39.9,1
2390,273058731,1,0,-1.987,5,566,100,39.9,1
2390,273058731,2,1,-1.694,5,566,100,39.9,1
2390,273058731,3,2,-0.826,5,566,100,39.9,1
2390,273058731,4,3,-0.192,5,566,100,39.9,1
2390,273058731,5,4,0.251,5,566,100,39.9,1
2390,273061441,1,0,-1.276,5,566,100,39.9,1
2390,273061441,2,1,-0.574,5,566,100,39.9,1
2390,273061441,3,2,-0.623,5,566,100,39.9,1
2390,273061441,4,4,-0.08,5,566,100,39.9,1
2390,273061441,5,4,2.035,5,566,100,39.9,1
2390,287617752,2,1,-1.946,4,566,100,39.9,1
2390,287617752,3,2,0.114,4,566,100,39.9,1
2390,287617752,4,3,-0.244,4,566,100,39.9,1
2390,287617752,5,4,0.501,4,566,100,39.9,1
2390,289074863,3,2,0.227,3,566,100,39.9,1
2390,289074863,4,3,0.936,3,566,100,39.9,1
2390,289074863,5,4,1.098,3,566,100,39.9,1
2390,291594241,1,0,-3.068,4,566,100,39.9,1
2390,291594241,2,1,-2.595,4,566,100,39.9,1
2390,291594241,3,1,-2.113,4,566,100,39.9,1
2390,291594241,4,2,-1.859,4,566,100,39.9,1
2390,299106341,0,0,-3.232,6,566,100,39.9,1
2390,299106341,1,0,-2.188,6,566,100,39.9,1
2390,299106341,2,1,-1.757,6,566,100,39.9,1
2390,299106341,3,2,-1.446,6,566,100,39.9,1
2390,299106341,4,3,-1.296,6,566,100,39.9,1
2390,299106341,5,4,-0.062,6,566,100,39.9,1
2390,303020013,3,2,-1.132,3,566,100,39.9,1
2390,303020013,4,3,-0.35,3,566,100,39.9,1
2390,303020013,5,4,0.749,3,566,100,39.9,1
2390,303020443,3,2,-1.236,3,566,100,39.9,1
2390,303020443,4,3,0.128,3,566,100,39.9,1
2390,303020443,5,4,1.514,3,566,100,39.9,1
2390,305784812,3,2,0.995,3,566,100,39.9,1
2390,305784812,4,3,0.936,3,566,100,39.9,1
2390,305784812,5,4,2.035,3,566,100,39.9,1
2390,306234601,1,0,-2.377,5,566,100,39.9,1
2390,306234601,2,1,-0.921,5,566,100,39.9,1
2390,306234601,3,2,0.587,5,566,100,39.9,1
2390,306234601,4,3,0.573,5,566,100,39.9,1
2390,306234601,5,4,2.3,5,566,100,39.9,1
2390,306234951,1,0,-2.902,5,566,100,39.9,1
2390,306234951,2,1,-1.185,5,566,100,39.9,1
2390,306234951,3,2,-0.623,5,566,100,39.9,1
2390,306234951,4,3,0.811,5,566,100,39.9,1
2390,306234951,5,4,1.973,5,566,100,39.9,1
2390,306235091,1,0,-3.068,5,566,100,39.9,1
2390,306235091,2,1,-2.009,5,566,100,39.9,1
2390,306235091,3,2,-0.826,5,566,100,39.9,1
2390,306235091,4,3,-0.456,5,566,100,39.9,1
2390,306235091,5,4,0.699,5,566,100,39.9,1
2390,306235411,1,0,-2.902,5,566,100,39.9,1
2390,306235411,2,1,-1.054,5,566,100,39.9,1
2390,306235411,3,2,-1.03,5,566,100,39.9,1
2390,306235411,4,3,0.128,5,566,100,39.9,1
2390,306235411,5,4,0.251,5,566,100,39.9,1
2390,306236221,1,0,-3.232,5,566,100,39.9,1
2390,306236221,2,1,-1.819,5,566,100,39.9,1
2390,306236221,3,2,-0.725,5,566,100,39.9,1
2390,306236221,4,3,0.182,5,566,100,39.9,1
2390,306236221,5,4,0.699,5,566,100,39.9,1
2390,306243351,1,0,0.644,5,566,100,39.9,1
2390,306243351,2,1,0.777,5,566,100,39.9,1
2390,306243351,3,2,1.678,5,566,100,39.9,1
2390,306243351,4,3,2.034,5,566,100,39.9,1
2390,306243351,5,4,2.6,5,566,100,39.9,1
2390,314264481,1,0,-1.538,NA,566,100,39.9,1
2390,314264481,2,1,-0.988,NA,566,100,39.9,1
2390,314264481,3,2,0.114,NA,566,100,39.9,1
2440,284846071,1,0,-0.733,5,767,44.8,37.1,1
2440,284846071,2,1,-0.112,5,767,44.8,37.1,1
2440,284846071,3,2,0.587,5,767,44.8,37.1,1
2440,284846071,4,3,1.001,5,767,44.8,37.1,1
2440,284846071,5,4,1.514,5,767,44.8,37.1,1
2440,288570393,3,2,-2.015,3,767,44.8,37.1,1
2440,288570393,4,3,-1.357,3,767,44.8,37.1,1
2440,288570393,5,4,-0.576,3,767,44.8,37.1,1
2440,297343992,1,0,-1.83,5,767,44.8,37.1,1
2440,297343992,2,1,-1.819,5,767,44.8,37.1,1
2440,297343992,3,2,-1.665,5,767,44.8,37.1,1
2440,297343992,4,3,-1.903,5,767,44.8,37.1,1
2440,297343992,5,5,0.827,5,767,44.8,37.1,1
2440,298246651,1,0,-1.303,5,767,44.8,37.1,1
2440,298246651,2,1,-0.194,5,767,44.8,37.1,1
2440,298246651,3,2,0.716,5,767,44.8,37.1,1
2440,298246651,4,3,1.934,5,767,44.8,37.1,1
2440,298246651,5,5,1.452,5,767,44.8,37.1,1
2440,298247111,1,0,0.329,5,767,44.8,37.1,1
2440,298247111,2,1,0.658,5,767,44.8,37.1,1
2440,298247111,3,3,1.858,5,767,44.8,37.1,1
2440,298247111,4,4,2.997,5,767,44.8,37.1,1
2440,298247111,5,5,3.484,5,767,44.8,37.1,1
2440,298253432,3,2,0.995,3,767,44.8,37.1,1
2440,298253432,4,3,1.346,3,767,44.8,37.1,1
2440,298253432,5,4,3.055,3,767,44.8,37.1,1
2440,298256452,3,2,-2.015,3,767,44.8,37.1,1
2440,298256452,4,3,-0.834,3,767,44.8,37.1,1
2440,298256452,5,4,0.148,3,767,44.8,37.1,1
2440,298256881,1,0,-1.689,5,767,44.8,37.1,1
2440,298256881,2,1,-0.351,5,767,44.8,37.1,1
2440,298256881,3,2,0.587,5,767,44.8,37.1,1
2440,298256881,4,3,1.421,5,767,44.8,37.1,1
2440,298256881,5,4,1.623,5,767,44.8,37.1,1
2440,298260051,1,0,-3.331,5,767,44.8,37.1,1
2440,298260051,2,1,-1.946,5,767,44.8,37.1,1
2440,298260051,3,2,-1.555,5,767,44.8,37.1,1
2440,298260051,4,3,-1.117,5,767,44.8,37.1,1
2440,298260051,5,4,-1.286,5,767,44.8,37.1,1
2440,303818662,2,0,-3.558,4,767,44.8,37.1,1
2440,303818662,3,1,-1.874,4,767,44.8,37.1,1
2440,303818662,4,2,-2.807,4,767,44.8,37.1,1
2440,303818662,5,3,-1.621,4,767,44.8,37.1,1
2440,306066041,1,0,-1.898,4,767,44.8,37.1,1
2440,306066041,2,1,-1.83,4,767,44.8,37.1,1
2440,306066041,3,2,-1.446,4,767,44.8,37.1,1
2440,306066041,4,3,-0.725,4,767,44.8,37.1,1
2440,306069811,1,0,-1.83,5,767,44.8,37.1,1
2440,306069811,2,1,-1.218,5,767,44.8,37.1,1
2440,306069811,3,2,-0.826,5,767,44.8,37.1,1
2440,306069811,4,3,-0.779,5,767,44.8,37.1,1
2440,306069811,5,4,-0.281,5,767,44.8,37.1,1
2440,306070151,1,0,-2.162,3,767,44.8,37.1,1
2440,306070151,2,1,-0.854,3,767,44.8,37.1,1
2440,306070151,3,2,-0.419,3,767,44.8,37.1,1
2440,306263621,1,0,-3.592,4,767,44.8,37.1,1
2440,306263621,2,1,-2.097,4,767,44.8,37.1,1
2440,306263621,3,2,-1.778,4,767,44.8,37.1,1
2440,306263621,4,3,-0.403,4,767,44.8,37.1,1
2440,306385302,2,1,-0.84,4,767,44.8,37.1,1
2440,306385302,3,2,-1.34,4,767,44.8,37.1,1
2440,306385302,4,3,0.292,4,767,44.8,37.1,1
2440,306385302,5,4,0.65,4,767,44.8,37.1,1
2480,289828011,1,0,-2.097,5,113,59.3,25.8,1
2480,289828011,2,1,-2.009,5,113,59.3,25.8,1
2480,289828011,3,2,-1.894,5,113,59.3,25.8,1
2480,289828011,4,3,-1.002,5,113,59.3,25.8,1
2480,289828011,5,4,0.251,5,113,59.3,25.8,1
2480,289829331,1,0,-0.942,4,113,59.3,25.8,1
2480,289829331,2,1,-0.427,4,113,59.3,25.8,1
2480,289829331,3,2,0.463,4,113,59.3,25.8,1
2480,289829331,4,3,0.811,4,113,59.3,25.8,1
2480,289829761,1,0,-1.218,5,113,59.3,25.8,1
2480,289829761,2,1,0.058,5,113,59.3,25.8,1
2480,289829761,3,2,0.995,5,113,59.3,25.8,1
2480,289829761,4,3,1.134,5,113,59.3,25.8,1
2480,289829761,5,4,2.035,5,113,59.3,25.8,1
2480,289829841,1,0,-0.497,5,113,59.3,25.8,1
2480,289829841,2,1,0.241,5,113,59.3,25.8,1
2480,289829841,3,2,0.716,5,113,59.3,25.8,1
2480,289829841,4,3,1.134,5,113,59.3,25.8,1
2480,289829841,5,4,2.3,5,113,59.3,25.8,1
2480,289831071,1,0,-1.76,3,113,59.3,25.8,1
2480,289831071,2,1,-0.854,3,113,59.3,25.8,1
2480,289831071,3,2,0.003,3,113,59.3,25.8,1
2480,289831151,1,0,-1.13,3,113,59.3,25.8,1
2480,289831151,2,1,-0.273,3,113,59.3,25.8,1
2480,289831151,3,2,0.463,3,113,59.3,25.8,1
2480,294496001,1,0,-2.097,3,113,59.3,25.8,1
2480,294496001,2,1,-2.072,3,113,59.3,25.8,1
2480,294496001,3,2,-2.27,3,113,59.3,25.8,1
2480,302900893,3,2,-2.14,3,113,59.3,25.8,1
2480,302900893,4,3,-0.456,3,113,59.3,25.8,1
2480,302900893,5,4,-0.396,3,113,59.3,25.8,1
2480,303137041,1,0,-1.384,4,113,59.3,25.8,1
2480,303137041,2,1,0.241,4,113,59.3,25.8,1
2480,303137041,3,2,1.309,4,113,59.3,25.8,1
2480,303137041,4,3,0.074,4,113,59.3,25.8,1
2480,303650541,1,0,-1.303,5,113,59.3,25.8,1
2480,303650541,2,1,-0.273,5,113,59.3,25.8,1
2480,303650541,3,2,0.227,5,113,59.3,25.8,1
2480,303650541,4,3,0.573,5,113,59.3,25.8,1
2480,303650541,5,4,2.035,5,113,59.3,25.8,1
2480,308346821,1,0,-1.76,5,113,59.3,25.8,1
2480,308346821,2,1,-0.645,5,113,59.3,25.8,1
2480,308346821,3,2,0.463,5,113,59.3,25.8,1
2480,308346821,4,3,0.691,5,113,59.3,25.8,1
2480,308346821,5,4,1.354,5,113,59.3,25.8,1
2520,174755092,2,1,0.777,3,828,76.9,10.5,1
2520,174755092,3,2,0.343,3,828,76.9,10.5,1
2520,174755092,4,3,0.573,3,828,76.9,10.5,1
2520,276076831,1,0,-1.966,4,828,76.9,10.5,1
2520,276076831,2,1,-1.25,4,828,76.9,10.5,1
2520,276076831,3,2,-0.725,4,828,76.9,10.5,1
2520,276076831,4,3,-0.67,4,828,76.9,10.5,1
2520,281009811,1,0,-1.13,5,828,76.9,10.5,1
2520,281009811,2,1,-0.194,5,828,76.9,10.5,1
2520,281009811,3,2,0.852,5,828,76.9,10.5,1
2520,281009811,4,3,2.034,5,828,76.9,10.5,1
2520,281009811,5,4,3.28,5,828,76.9,10.5,1
2520,281010901,1,0,-2.377,5,828,76.9,10.5,1
2520,281010901,2,1,-1.441,5,828,76.9,10.5,1
2520,281010901,3,2,-1.555,5,828,76.9,10.5,1
2520,281010901,4,3,0.347,5,828,76.9,10.5,1
2520,281010901,5,4,0.551,5,828,76.9,10.5,1
2520,281011391,1,0,-1.616,5,828,76.9,10.5,1
2520,281011391,2,1,0.439,5,828,76.9,10.5,1
2520,281011391,3,2,1.894,5,828,76.9,10.5,1
2520,281011391,4,3,1.066,5,828,76.9,10.5,1
2520,281011391,5,4,2.099,5,828,76.9,10.5,1
2520,281012281,1,0,-1.772,5,828,76.9,10.5,1
2520,281012281,2,1,-0.988,5,828,76.9,10.5,1
2520,281012281,3,2,-1.132,5,828,76.9,10.5,1
2520,281012281,4,3,-0.086,5,828,76.9,10.5,1
2520,281012281,5,4,1.354,5,828,76.9,10.5,1
2520,281012601,1,0,-1.616,5,828,76.9,10.5,1
2520,281012601,2,1,-0.273,5,828,76.9,10.5,1
2520,281012601,3,2,-0.826,5,828,76.9,10.5,1
2520,281012601,4,3,0.347,5,828,76.9,10.5,1
2520,281012601,5,3,0.874,5,828,76.9,10.5,1
2520,281013411,1,0,-1.464,5,828,76.9,10.5,1
2520,281013411,2,1,-0.112,5,828,76.9,10.5,1
2520,281013411,3,2,0.852,5,828,76.9,10.5,1
2520,281013411,4,3,1.661,5,828,76.9,10.5,1
2520,281013411,5,4,2.3,5,828,76.9,10.5,1
2520,281014301,1,0,-0.06,5,828,76.9,10.5,1
2520,281014301,2,1,0.546,5,828,76.9,10.5,1
2520,281014301,3,2,0.463,5,828,76.9,10.5,1
2520,281014301,4,3,1.202,5,828,76.9,10.5,1
2520,281014301,5,4,2.231,5,828,76.9,10.5,1
2520,281015891,1,0,-1.987,5,828,76.9,10.5,1
2520,281015891,2,1,-0.716,5,828,76.9,10.5,1
2520,281015891,3,2,-0.623,5,828,76.9,10.5,1
2520,281015891,4,3,1.134,5,828,76.9,10.5,1
2520,281015891,5,4,1.568,5,828,76.9,10.5,1
2520,281016191,1,0,-1.772,5,828,76.9,10.5,1
2520,281016191,2,1,-1.314,5,828,76.9,10.5,1
2520,281016191,3,2,-0.826,5,828,76.9,10.5,1
2520,281016191,4,3,0.691,5,828,76.9,10.5,1
2520,281016191,5,4,1.199,5,828,76.9,10.5,1
2520,288574032,2,1,0.148,4,828,76.9,10.5,1
2520,288574032,3,2,0.463,4,828,76.9,10.5,1
2520,288574032,4,3,1.273,4,828,76.9,10.5,1
2520,288574032,5,4,2.3,4,828,76.9,10.5,1
2520,289029721,1,0,-1.13,5,828,76.9,10.5,1
2520,289029721,2,1,0.658,5,828,76.9,10.5,1
2520,289029721,3,2,1.485,5,828,76.9,10.5,1
2520,289029721,4,3,2.034,5,828,76.9,10.5,1
2520,289029721,5,4,2.6,5,828,76.9,10.5,1
2520,289033161,1,0,-1.966,5,828,76.9,10.5,1
2520,289033161,2,1,0.058,5,828,76.9,10.5,1
2520,289033161,3,2,0.716,5,828,76.9,10.5,1
2520,289033161,4,3,1.001,5,828,76.9,10.5,1
2520,289033161,5,4,2.164,5,828,76.9,10.5,1
2520,289033591,1,0,-1.384,5,828,76.9,10.5,1
2520,289033591,2,1,1.548,5,828,76.9,10.5,1
2520,289033591,3,2,2.14,5,828,76.9,10.5,1
2520,289033591,4,3,2.653,5,828,76.9,10.5,1
2520,289033591,5,4,2.954,5,828,76.9,10.5,1
2520,289034481,1,0,-2.188,5,828,76.9,10.5,1
2520,289034481,2,1,-0.574,5,828,76.9,10.5,1
2520,289034481,3,2,-0.623,5,828,76.9,10.5,1
2520,289034481,4,3,0.021,5,828,76.9,10.5,1
2520,289034481,5,4,0.699,5,828,76.9,10.5,1
2520,291770581,1,0,-0.126,5,828,76.9,10.5,1
2520,291770581,2,1,1.194,5,828,76.9,10.5,1
2520,291770581,3,2,1.678,5,828,76.9,10.5,1
2520,291770581,4,3,1.748,5,828,76.9,10.5,1
2520,291770581,5,4,2.682,5,828,76.9,10.5,1
2520,291808062,2,1,-0.854,4,828,76.9,10.5,1
2520,291808062,3,2,-1.34,4,828,76.9,10.5,1
2520,291808062,4,3,-0.086,4,828,76.9,10.5,1
2520,291808062,5,4,1.199,4,828,76.9,10.5,1
2520,292695992,3,2,0.343,3,828,76.9,10.5,1
2520,292695992,4,3,1.498,3,828,76.9,10.5,1
2520,292695992,5,4,1.46,3,828,76.9,10.5,1
2520,295840791,1,0,-1.13,5,828,76.9,10.5,1
2520,295840791,2,1,0.241,5,828,76.9,10.5,1
2520,295840791,3,2,0.343,5,828,76.9,10.5,1
2520,295840791,4,3,1.934,5,828,76.9,10.5,1
2520,295840791,5,4,2.859,5,828,76.9,10.5,1
2520,296492001,1,0,-2.162,5,828,76.9,10.5,1
2520,296492001,2,1,-1.185,5,828,76.9,10.5,1
2520,296492001,3,2,0.587,5,828,76.9,10.5,1
2520,296492001,4,3,0.691,5,828,76.9,10.5,1
2520,296492001,5,4,2.445,5,828,76.9,10.5,1
2520,296504112,2,1,-1.054,3,828,76.9,10.5,1
2520,296504112,3,2,-0.105,3,828,76.9,10.5,1
2520,296504112,4,3,-0.456,3,828,76.9,10.5,1
2520,301835331,1,0,-2.778,5,828,76.9,10.5,1
2520,301835331,2,1,-1.314,5,828,76.9,10.5,1
2520,301835331,3,2,-1.778,5,828,76.9,10.5,1
2520,301835331,4,3,-0.139,5,828,76.9,10.5,1
2520,301835331,5,4,0.301,5,828,76.9,10.5,1
2520,301868771,1,0,-2.097,3,828,76.9,10.5,1
2520,301868771,2,1,-0.574,3,828,76.9,10.5,1
2520,301868771,3,2,-0.105,3,828,76.9,10.5,1
2520,302232171,1,0,-2.902,5,828,76.9,10.5,1
2520,302232171,2,1,-2.136,5,828,76.9,10.5,1
2520,302232171,3,2,-1.34,5,828,76.9,10.5,1
2520,302232171,4,3,-0.297,5,828,76.9,10.5,1
2520,302232171,5,4,0.699,5,828,76.9,10.5,1
2520,302543171,1,0,-1.772,5,828,76.9,10.5,1
2520,302543171,2,1,1.194,5,828,76.9,10.5,1
2520,302543171,3,2,0.852,5,828,76.9,10.5,1
2520,302543171,4,3,2.14,5,828,76.9,10.5,1
2520,302543171,5,4,2.6,5,828,76.9,10.5,1
2520,303252651,1,0,-1.218,5,828,76.9,10.5,1
2520,303252651,2,1,-0.427,5,828,76.9,10.5,1
2520,303252651,3,2,0.587,5,828,76.9,10.5,1
2520,303252651,4,3,1.748,5,828,76.9,10.5,1
2520,303252651,5,4,3.28,5,828,76.9,10.5,1
2520,303254001,1,0,-1.038,5,828,76.9,10.5,1
2520,303254001,2,1,0.338,5,828,76.9,10.5,1
2520,303254001,3,2,1.146,5,828,76.9,10.5,1
2520,303254001,4,3,2.034,5,828,76.9,10.5,1
2520,303254001,5,4,2.3,5,828,76.9,10.5,1
2520,303254941,1,0,-0.942,5,828,76.9,10.5,1
2520,303254941,2,0,-0.427,5,828,76.9,10.5,1
2520,303254941,3,2,0.995,5,828,76.9,10.5,1
2520,303254941,4,3,1.273,5,828,76.9,10.5,1
2520,303254941,5,4,3.163,5,828,76.9,10.5,1
2520,303261481,1,0,-1.76,5,828,76.9,10.5,1
2520,303261481,2,1,0.439,5,828,76.9,10.5,1
2520,303261481,3,2,2.14,5,828,76.9,10.5,1
2520,303261481,4,3,2.034,5,828,76.9,10.5,1
2520,303261481,5,4,3.055,5,828,76.9,10.5,1
2520,303305872,3,2,-1.665,3,828,76.9,10.5,1
2520,303305872,4,3,-0.779,3,828,76.9,10.5,1
2520,303305872,5,4,0.301,3,828,76.9,10.5,1
2520,305638241,1,0,-0.619,5,828,76.9,10.5,1
2520,305638241,2,1,0.658,5,828,76.9,10.5,1
2520,305638241,3,2,1.485,5,828,76.9,10.5,1
2520,305638241,4,3,1.934,5,828,76.9,10.5,1
2520,305638241,5,4,3.28,5,828,76.9,10.5,1
2520,305648471,1,0,-1.83,3,828,76.9,10.5,1
2520,305648471,2,1,0.148,3,828,76.9,10.5,1
2520,305648471,3,2,1.485,3,828,76.9,10.5,1
2520,305648551,1,0,-1.541,3,828,76.9,10.5,1
2520,305648551,2,1,0.241,3,828,76.9,10.5,1
2520,305648551,3,2,0.587,3,828,76.9,10.5,1
2520,305648631,1,0,-0.619,5,828,76.9,10.5,1
2520,305648631,2,1,0.338,5,828,76.9,10.5,1
2520,305648631,3,2,1.309,5,828,76.9,10.5,1
2520,305648631,4,3,1.202,5,828,76.9,10.5,1
2520,305648631,5,4,2.231,5,828,76.9,10.5,1
2520,305648981,1,0,-0.733,5,828,76.9,10.5,1
2520,305648981,2,1,1.043,5,828,76.9,10.5,1
2520,305648981,3,2,1.146,5,828,76.9,10.5,1
2520,305648981,4,3,1.134,5,828,76.9,10.5,1
2520,305648981,5,4,3.406,5,828,76.9,10.5,1
2520,305649791,1,0,-0.365,3,828,76.9,10.5,1
2520,305649791,2,1,1.194,3,828,76.9,10.5,1
2520,305649791,3,2,1.146,3,828,76.9,10.5,1
2520,305649871,1,0,-1.616,5,828,76.9,10.5,1
2520,305649871,2,1,-0.028,5,828,76.9,10.5,1
2520,305649871,3,2,0.463,5,828,76.9,10.5,1
2520,305649871,4,3,0.936,5,828,76.9,10.5,1
2520,305649871,5,4,1.852,5,828,76.9,10.5,1
2520,305650101,1,0,-1.76,5,828,76.9,10.5,1
2520,305650101,2,1,0.241,5,828,76.9,10.5,1
2520,305650101,3,2,1.309,5,828,76.9,10.5,1
2520,305650101,4,3,1.421,5,828,76.9,10.5,1
2520,305650101,5,4,2.954,5,828,76.9,10.5,1
2520,305650291,1,0,-1.218,5,828,76.9,10.5,1
2520,305650291,2,1,1.548,5,828,76.9,10.5,1
2520,305650291,3,2,1.678,5,828,76.9,10.5,1
2520,305650291,4,3,1.661,5,828,76.9,10.5,1
2520,305650291,5,4,2.682,5,828,76.9,10.5,1
2520,305650371,1,0,-1.83,5,828,76.9,10.5,1
2520,305650371,2,1,-0.645,5,828,76.9,10.5,1
2520,305650371,3,2,-0.316,5,828,76.9,10.5,1
2520,305650371,4,3,0.459,5,828,76.9,10.5,1
2520,305650371,5,4,1.852,5,828,76.9,10.5,1
2520,305650881,1,0,-1.13,5,828,76.9,10.5,1
2520,305650881,2,1,-0.028,5,828,76.9,10.5,1
2520,305650881,3,2,1.485,5,828,76.9,10.5,1
2520,305650881,4,3,1.661,5,828,76.9,10.5,1
2520,305650881,5,4,1.568,5,828,76.9,10.5,1
2520,305651261,1,0,-2.288,5,828,76.9,10.5,1
2520,305651261,2,1,-1.946,5,828,76.9,10.5,1
2520,305651261,3,2,-0.928,5,828,76.9,10.5,1
2520,305651261,4,3,0.182,5,828,76.9,10.5,1
2520,305651261,5,4,1.047,5,828,76.9,10.5,1
2520,305652071,1,0,-2.902,5,828,76.9,10.5,1
2520,305652071,2,1,-1.12,5,828,76.9,10.5,1
2520,305652071,3,2,-0.725,5,828,76.9,10.5,1
2520,305652071,4,3,0.811,5,828,76.9,10.5,1
2520,305652071,5,4,1.407,5,828,76.9,10.5,1
2520,305652581,1,0,-3.232,5,828,76.9,10.5,1
2520,305652581,2,1,-1.946,5,828,76.9,10.5,1
2520,305652581,3,2,-1.236,5,828,76.9,10.5,1
2520,305652581,4,3,-0.563,5,828,76.9,10.5,1
2520,305652581,5,4,0.251,5,828,76.9,10.5,1
2520,305653041,1,0,-0.497,5,828,76.9,10.5,1
2520,305653041,2,1,0.058,5,828,76.9,10.5,1
2520,305653041,3,2,2.43,5,828,76.9,10.5,1
2520,305653041,4,3,2.814,5,828,76.9,10.5,1
2520,305653041,5,4,0.997,5,828,76.9,10.5,1
2520,305653471,1,0,-0.733,5,828,76.9,10.5,1
2520,305653471,2,1,0.905,5,828,76.9,10.5,1
2520,305653471,3,2,2.14,5,828,76.9,10.5,1
2520,305653471,4,3,1.748,5,828,76.9,10.5,1
2520,305653471,5,4,2.3,5,828,76.9,10.5,1
2520,305653711,1,0,-0.608,5,828,76.9,10.5,1
2520,305653711,2,1,0.905,5,828,76.9,10.5,1
2520,305653711,3,2,0.852,5,828,76.9,10.5,1
2520,305653711,4,3,1.578,5,828,76.9,10.5,1
2520,305653711,5,4,2.521,5,828,76.9,10.5,1
2520,305654281,1,0,-1.218,5,828,76.9,10.5,1
2520,305654281,2,1,0.058,5,828,76.9,10.5,1
2520,305654281,3,2,0.003,5,828,76.9,10.5,1
2520,305654281,4,3,1.273,5,828,76.9,10.5,1
2520,305654281,5,4,2.371,5,828,76.9,10.5,1
2520,305654601,1,0,-1.76,5,828,76.9,10.5,1
2520,305654601,2,1,-0.501,5,828,76.9,10.5,1
2520,305654601,3,2,0.852,5,828,76.9,10.5,1
2520,305654601,4,3,1.273,5,828,76.9,10.5,1
2520,305654601,5,4,2.859,5,828,76.9,10.5,1
2520,305654871,1,0,-0.84,5,828,76.9,10.5,1
2520,305654871,2,1,0.241,5,828,76.9,10.5,1
2520,305654871,3,2,0.114,5,828,76.9,10.5,1
2520,305654871,4,3,1.578,5,828,76.9,10.5,1
2520,305654871,5,4,1.736,5,828,76.9,10.5,1
2520,305655091,1,0,-1.218,5,828,76.9,10.5,1
2520,305655091,2,1,0.148,5,828,76.9,10.5,1
2520,305655091,3,2,0.852,5,828,76.9,10.5,1
2520,305655091,4,3,1.661,5,828,76.9,10.5,1
2520,305655091,5,4,2.164,5,828,76.9,10.5,1
2520,305656061,1,0,-2.377,5,828,76.9,10.5,1
2520,305656061,2,1,-0.988,5,828,76.9,10.5,1
2520,305656061,3,2,0.716,5,828,76.9,10.5,1
2520,305656061,4,3,1.202,5,828,76.9,10.5,1
2520,305656061,5,4,2.521,5,828,76.9,10.5,1
2520,305656571,1,0,-1.76,4,828,76.9,10.5,1
2520,305656571,2,1,-0.194,4,828,76.9,10.5,1
2520,305656571,3,2,0.995,4,828,76.9,10.5,1
2520,305656571,4,3,1.001,4,828,76.9,10.5,1
2520,305656811,1,0,-0.974,5,828,76.9,10.5,1
2520,305656811,2,1,-0.194,5,828,76.9,10.5,1
2520,305656811,3,2,0.003,5,828,76.9,10.5,1
2520,305656811,4,3,-0.35,5,828,76.9,10.5,1
2520,305656811,5,4,1.354,5,828,76.9,10.5,1
2520,305657461,1,0,-2.377,5,828,76.9,10.5,1
2520,305657461,2,1,-1.757,5,828,76.9,10.5,1
2520,305657461,3,2,0.463,5,828,76.9,10.5,1
2520,305657461,4,3,0.237,5,828,76.9,10.5,1
2520,305657461,5,4,1.912,5,828,76.9,10.5,1
2520,305657891,1,0,-1.538,5,828,76.9,10.5,1
2520,305657891,2,1,0.058,5,828,76.9,10.5,1
2520,305657891,3,2,0.114,5,828,76.9,10.5,1
2520,305657891,4,3,0.237,5,828,76.9,10.5,1
2520,305657891,5,4,1.736,5,828,76.9,10.5,1
2520,305658271,1,0,-1.303,5,828,76.9,10.5,1
2520,305658271,2,1,1.043,5,828,76.9,10.5,1
2520,305658271,3,2,1.309,5,828,76.9,10.5,1
2520,305658271,4,3,0.632,5,828,76.9,10.5,1
2520,305658271,5,4,2.445,5,828,76.9,10.5,1
2520,307354392,3,2,1.309,3,828,76.9,10.5,1
2520,307354392,4,3,2.254,3,828,76.9,10.5,1
2520,307354392,5,4,2.859,3,828,76.9,10.5,1
2520,309310252,3,2,-2.015,3,828,76.9,10.5,1
2520,309310252,4,2,0.147,3,828,76.9,10.5,1
2520,309310252,5,3,0.227,3,828,76.9,10.5,1
2520,309989011,0,0,-3.395,6,828,76.9,10.5,1
2520,309989011,1,0,-1.538,6,828,76.9,10.5,1
2520,309989011,2,1,-1.882,6,828,76.9,10.5,1
2520,309989011,3,2,-1.34,6,828,76.9,10.5,1
2520,309989011,4,3,-0.403,6,828,76.9,10.5,1
2520,309989011,5,4,1.354,6,828,76.9,10.5,1
2520,312874481,1,0,-2.558,5,828,76.9,10.5,1
2520,312874481,2,1,-0.716,5,828,76.9,10.5,1
2520,312874481,3,2,1.485,5,828,76.9,10.5,1
2520,312874481,4,3,2.034,5,828,76.9,10.5,1
2520,312874481,5,4,2.768,5,828,76.9,10.5,1
2520,312875291,1,0,-1.218,5,828,76.9,10.5,1
2520,312875291,2,1,-0.645,5,828,76.9,10.5,1
2520,312875291,3,2,0.463,5,828,76.9,10.5,1
2520,312875291,4,3,0.811,5,828,76.9,10.5,1
2520,312875291,5,4,1.407,5,828,76.9,10.5,1
