ses,id,time,math
-0.428465,1,0,1.203999
-0.428465,1,1,2.278898
-0.428465,1,2,3.716495
-0.428465,1,3,3.550721
-0.428465,1,4,3.375575
-0.428465,1,5,4.029231
-0.428465,1,6,5.292819
-0.428465,1,7,4.117426
-0.831093,2,0,0.291965
-0.831093,2,1,1.8823
-0.831093,2,2,0.95854
-0.831093,2,3,0.793806
-0.831093,2,4,0.021239
-0.831093,2,5,1.709134
-0.831093,2,6,3.127197
-0.831093,2,7,1.71356
0.936131,3,0,-0.634382
0.936131,3,1,0.84746
0.936131,3,2,-0.801319
0.936131,3,3,-0.126182
0.936131,3,4,-0.496423
0.936131,3,5,-1.009533
0.936131,3,6,1.067997
0.936131,3,7,0.131556
-1.54961,4,0,2.381076
-1.54961,4,1,1.595952
-1.54961,4,2,2.692472
-1.54961,4,3,1.950365
-1.54961,4,4,2.304335
-1.54961,4,5,-0.324385
-1.54961,4,6,0.539662
-1.54961,4,7,0.121842
-1.414741,5,0,0.396676
-1.414741,5,1,-2.43739
-1.414741,5,2,-0.993276
-1.414741,5,3,1.489516
-1.414741,5,4,-0.762674
-1.414741,5,5,0.711163
-1.414741,5,6,0.585167
-1.414741,5,7,-1.859684
1.356539,6,0,-1.762769
1.356539,6,1,-0.764672
1.356539,6,2,-1.910788
1.356539,6,3,-1.581298
1.356539,6,4,-2.689791
1.356539,6,5,-1.237409
1.356539,6,6,-1.162616
1.356539,6,7,-3.555172
-1.622182,7,0,0.295662
-1.622182,7,1,0.259367
-1.622182,7,2,0.457777
-1.622182,7,3,1.759445
-1.622182,7,4,0.069433
-1.622182,7,5,-0.739528
-1.622182,7,6,-1.35748
-1.622182,7,7,-0.97544
0.424598,8,0,-2.632369
0.424598,8,1,0.763785
0.424598,8,2,-0.39253
0.424598,8,3,-0.76891
0.424598,8,4,2.402926
0.424598,8,5,1.75727
0.424598,8,6,0.914371
0.424598,8,7,0.98565
-0.198807,9,0,0.495101
-0.198807,9,1,-0.516657
-0.198807,9,2,0.072695
-0.198807,9,3,1.706916
-0.198807,9,4,3.850865
-0.198807,9,5,3.844755
-0.198807,9,6,2.232886
-0.198807,9,7,1.923475
0.625901,10,0,0.145905
0.625901,10,1,0.635038
0.625901,10,2,0.025635
0.625901,10,3,0.071663
0.625901,10,4,2.048682
0.625901,10,5,0.072952
0.625901,10,6,1.92424
0.625901,10,7,1.167581
0.236438,11,0,1.920768
0.236438,11,1,0.786524
0.236438,11,2,0.623973
0.236438,11,3,2.599985
0.236438,11,4,2.158856
0.236438,11,5,2.394692
0.236438,11,6,1.653154
0.236438,11,7,-0.352644
-0.009255,12,0,0.125207
-0.009255,12,1,-0.500551
-0.009255,12,2,1.130575
-0.009255,12,3,-0.800089
-0.009255,12,4,2.295624
-0.009255,12,5,2.320711
-0.009255,12,6,2.321092
-0.009255,12,7,1.067012
0.274124,13,0,0.773791
0.274124,13,1,-1.369117
0.274124,13,2,0.195748
0.274124,13,3,0.68846
0.274124,13,4,-1.404162
0.274124,13,5,-0.536838
0.274124,13,6,0.023688
0.274124,13,7,-0.728863
-0.0048,14,0,1.419292
-0.0048,14,1,0.599966
-0.0048,14,2,1.462911
-0.0048,14,3,2.30772
-0.0048,14,4,4.116029
-0.0048,14,5,2.000796
-0.0048,14,6,4.732153
-0.0048,14,7,4.346223
-0.529235,15,0,0.843071
-0.529235,15,1,1.280932
-0.529235,15,2,1.767987
-0.529235,15,3,1.246346
-0.529235,15,4,0.750898
-0.529235,15,5,-0.347869
-0.529235,15,6,2.734615
-0.529235,15,7,1.266976
-0.599806,16,0,-1.124167
-0.599806,16,1,1.166575
-0.599806,16,2,1.867518
-0.599806,16,3,1.685016
-0.599806,16,4,3.488096
-0.599806,16,5,0.676918
-0.599806,16,6,0.314673
-0.599806,16,7,-0.108801
0.587883,17,0,0.509872
0.587883,17,1,1.219012
0.587883,17,2,0.134831
0.587883,17,3,-0.076668
0.587883,17,4,0.406205
0.587883,17,5,1.054165
0.587883,17,6,-0.374446
0.587883,17,7,1.146762
0.669492,18,0,1.896747
0.669492,18,1,3.113385
0.669492,18,2,2.500588
0.669492,18,3,2.016598
0.669492,18,4,2.078166
0.669492,18,5,3.333277
0.669492,18,6,1.967869
0.669492,18,7,1.319834
0.513282,19,0,-0.995588
0.513282,19,1,2.145639
0.513282,19,2,2.416945
0.513282,19,3,2.013816
0.513282,19,4,4.834714
0.513282,19,5,3.313471
0.513282,19,6,0.241437
0.513282,19,7,2.334432
-0.519782,20,0,1.301419
-0.519782,20,1,1.561305
-0.519782,20,2,3.349528
-0.519782,20,3,4.155984
-0.519782,20,4,1.996605
-0.519782,20,5,1.800813
-0.519782,20,6,0.997082
-0.519782,20,7,2.22047
-0.779706,21,0,0.47478
-0.779706,21,1,1.5106
-0.779706,21,2,0.399561
-0.779706,21,3,1.482026
-0.779706,21,4,1.256151
-0.779706,21,5,0.403053
-0.779706,21,6,0.264716
-0.779706,21,7,-0.807483
-0.278228,22,0,0.813379
-0.278228,22,1,2.389052
-0.278228,22,2,1.440267
-0.278228,22,3,2.514104
-0.278228,22,4,0.696059
-0.278228,22,5,0.367522
-0.278228,22,6,2.115684
-0.278228,22,7,3.150085
-0.895328,23,0,0.882592
-0.895328,23,1,1.288108
-0.895328,23,2,-0.773194
-0.895328,23,3,0.376874
-0.895328,23,4,-1.240548
-0.895328,23,5,-1.03477
-0.895328,23,6,-0.469124
-0.895328,23,7,0.031751
-0.487238,24,0,1.923354
-0.487238,24,1,1.230446
-0.487238,24,2,1.269086
-0.487238,24,3,0.941825
-0.487238,24,4,1.596422
-0.487238,24,5,1.057398
-0.487238,24,6,2.725407
-0.487238,24,7,1.571605
1.229558,25,0,0.258224
1.229558,25,1,2.354839
1.229558,25,2,3.24077
1.229558,25,3,3.740499
1.229558,25,4,4.552906
1.229558,25,5,4.032154
1.229558,25,6,3.407325
1.229558,25,7,5.383368
0.475256,26,0,2.830072
0.475256,26,1,2.545894
0.475256,26,2,2.170358
0.475256,26,3,0.894181
0.475256,26,4,3.040333
0.475256,26,5,0.598687
0.475256,26,6,0.864013
0.475256,26,7,4.26706
-1.00949,27,0,-0.180238
-1.00949,27,1,-0.749865
-1.00949,27,2,0.065001
-1.00949,27,3,-1.440685
-1.00949,27,4,-0.652857
-1.00949,27,5,-0.371006
-1.00949,27,6,0.498292
-1.00949,27,7,-1.270411
0.217933,28,0,1.072911
0.217933,28,1,0.516262
0.217933,28,2,0.06519
0.217933,28,3,1.509323
0.217933,28,4,1.826709
0.217933,28,5,0.667202
0.217933,28,6,0.17524
0.217933,28,7,1.03686
0.184982,29,0,0.311245
0.184982,29,1,1.269293
0.184982,29,2,1.498045
0.184982,29,3,1.145245
0.184982,29,4,0.108828
0.184982,29,5,2.30934
0.184982,29,6,1.764446
0.184982,29,7,2.283505
0.816103,30,0,-1.797287
0.816103,30,1,-0.357927
0.816103,30,2,-1.443464
0.816103,30,3,-0.520371
0.816103,30,4,1.452758
0.816103,30,5,2.170523
0.816103,30,6,3.328842
0.816103,30,7,5.112206
0.34929,31,0,0.587029
0.34929,31,1,1.07515
0.34929,31,2,0.107075
0.34929,31,3,0.722339
0.34929,31,4,4.052248
0.34929,31,5,3.435195
0.34929,31,6,1.653477
0.34929,31,7,3.33322
-2.068469,32,0,1.042438
-2.068469,32,1,-0.607953
-2.068469,32,2,1.010471
-2.068469,32,3,1.143495
-2.068469,32,4,1.483288
-2.068469,32,5,2.125811
-2.068469,32,6,1.737309
-2.068469,32,7,2.651098
0.680827,33,0,-0.251465
0.680827,33,1,-0.083364
0.680827,33,2,1.22759
0.680827,33,3,2.5894
0.680827,33,4,0.021364
0.680827,33,5,0.909923
0.680827,33,6,2.477427
0.680827,33,7,0.950024
0.569157,34,0,0.493851
0.569157,34,1,2.056946
0.569157,34,2,2.096613
0.569157,34,3,2.66389
0.569157,34,4,2.347602
0.569157,34,5,1.843169
0.569157,34,6,4.073483
0.569157,34,7,3.38195
-0.523339,35,0,0.388565
-0.523339,35,1,0.802163
-0.523339,35,2,2.396216
-0.523339,35,3,2.908253
-0.523339,35,4,2.29461
-0.523339,35,5,2.052846
-0.523339,35,6,1.843251
-0.523339,35,7,2.73846
1.41636,36,0,-0.793248
1.41636,36,1,-0.110007
1.41636,36,2,0.849634
1.41636,36,3,2.489271
1.41636,36,4,2.620946
1.41636,36,5,3.154679
1.41636,36,6,1.949437
1.41636,36,7,4.825939
0.76148,37,0,0.702771
0.76148,37,1,2.957877
0.76148,37,2,2.740773
0.76148,37,3,3.576156
0.76148,37,4,4.129903
0.76148,37,5,7.000703
0.76148,37,6,4.173774
0.76148,37,7,4.404364
-0.492946,38,0,2.623855
-0.492946,38,1,1.284437
-0.492946,38,2,-0.612277
-0.492946,38,3,0.573038
-0.492946,38,4,1.122788
-0.492946,38,5,2.556977
-0.492946,38,6,2.273592
-0.492946,38,7,2.252334
1.243352,39,0,-1.011533
1.243352,39,1,0.93466
1.243352,39,2,-0.784436
1.243352,39,3,2.134367
1.243352,39,4,0.678642
1.243352,39,5,0.022882
1.243352,39,6,-0.312159
1.243352,39,7,1.589064
1.354409,40,0,0.046637
1.354409,40,1,-0.109205
1.354409,40,2,1.340981
1.354409,40,3,1.097141
1.354409,40,4,3.258556
1.354409,40,5,3.641163
1.354409,40,6,4.254087
1.354409,40,7,2.815135
-0.570347,41,0,-1.85046
-0.570347,41,1,1.487709
-0.570347,41,2,2.370252
-0.570347,41,3,1.953812
-0.570347,41,4,5.457276
-0.570347,41,5,2.728392
-0.570347,41,6,3.632464
-0.570347,41,7,4.606673
1.329906,42,0,0.031485
1.329906,42,1,0.562219
1.329906,42,2,0.88024
1.329906,42,3,3.938004
1.329906,42,4,2.30048
1.329906,42,5,2.740761
1.329906,42,6,1.589644
1.329906,42,7,4.662333
-1.08777,43,0,-0.208935
-1.08777,43,1,1.671507
-1.08777,43,2,1.728382
-1.08777,43,3,1.091499
-1.08777,43,4,-0.147068
-1.08777,43,5,1.819162
-1.08777,43,6,-0.753528
-1.08777,43,7,-0.044709
0.114893,44,0,0.14304
0.114893,44,1,-0.078778
0.114893,44,2,2.167037
0.114893,44,3,1.308548
0.114893,44,4,-0.54593
0.114893,44,5,0.210816
0.114893,44,6,-1.569486
0.114893,44,7,-1.129922
1.567404,45,0,2.159534
1.567404,45,1,1.12244
1.567404,45,2,1.403843
1.567404,45,3,0.652699
1.567404,45,4,1.897853
1.567404,45,5,2.320538
1.567404,45,6,2.57975
1.567404,45,7,1.586319
-0.454485,46,0,-0.669365
-0.454485,46,1,0.681505
-0.454485,46,2,-0.07566
-0.454485,46,3,-0.70232000000000006
-0.454485,46,4,-1.739802
-0.454485,46,5,-3.743688
-0.454485,46,6,-3.86539
-0.454485,46,7,-2.973876
-0.823805,47,0,0.220861
-0.823805,47,1,2.417977
-0.823805,47,2,1.968897
-0.823805,47,3,3.290001
-0.823805,47,4,4.639313
-0.823805,47,5,3.229551
-0.823805,47,6,5.87869
-0.823805,47,7,4.665412
0.325707,48,0,-1.435656
0.325707,48,1,1.683404
0.325707,48,2,0.512965
0.325707,48,3,-0.144078
0.325707,48,4,0.463407
0.325707,48,5,1.881452
0.325707,48,6,0.64297
0.325707,48,7,1.935048
1.34575,49,0,-0.516281
1.34575,49,1,0.485925
1.34575,49,2,2.886115
1.34575,49,3,3.186905
1.34575,49,4,3.144229
1.34575,49,5,5.023371
1.34575,49,6,3.105541
1.34575,49,7,4.21054
-0.125523,50,0,1.879074
-0.125523,50,1,1.875419
-0.125523,50,2,2.739075
-0.125523,50,3,2.017983
-0.125523,50,4,2.564666
-0.125523,50,5,1.789698
-0.125523,50,6,2.31953
-0.125523,50,7,2.340518
-2.139911,51,0,-0.700992
-2.139911,51,1,1.585728
-2.139911,51,2,0.631908
-2.139911,51,3,1.467463
-2.139911,51,4,1.384688
-2.139911,51,5,3.100497
-2.139911,51,6,1.421203
-2.139911,51,7,3.445033
-0.379587,52,0,0.565822
-0.379587,52,1,1.130901
-0.379587,52,2,1.863529
-0.379587,52,3,1.205826
-0.379587,52,4,1.8931
-0.379587,52,5,1.945607
-0.379587,52,6,2.088503
-0.379587,52,7,3.223406
-0.572721,53,0,-0.764411
-0.572721,53,1,-1.125407
-0.572721,53,2,0.767912
-0.572721,53,3,1.896479
-0.572721,53,4,1.272211
-0.572721,53,5,0.181677
-0.572721,53,6,0.573429
-0.572721,53,7,0.635518
-1.589453,54,0,2.555701
-1.589453,54,1,-0.603351
-1.589453,54,2,-0.019499
-1.589453,54,3,-1.151683
-1.589453,54,4,2.006146
-1.589453,54,5,0.783459
-1.589453,54,6,-0.602343
-1.589453,54,7,-0.016757
2.193529,55,0,0.375214
2.193529,55,1,-0.386354
2.193529,55,2,1.549916
2.193529,55,3,4.0636
2.193529,55,4,1.097083
2.193529,55,5,2.949438
2.193529,55,6,3.417874
2.193529,55,7,4.642481
0.096476,56,0,1.442821
0.096476,56,1,1.883112
0.096476,56,2,1.630061
0.096476,56,3,0.377005
0.096476,56,4,1.580594
0.096476,56,5,1.275554
0.096476,56,6,1.879838
0.096476,56,7,3.885949
1.490604,57,0,0.924159
1.490604,57,1,2.382437
1.490604,57,2,-0.329686
1.490604,57,3,1.466715
1.490604,57,4,2.089037
1.490604,57,5,3.991078
1.490604,57,6,2.710341
1.490604,57,7,4.1361
-2.1636320000000002,58,0,-1.303385
-2.1636320000000002,58,1,-0.189178
-2.1636320000000002,58,2,-1.012801
-2.1636320000000002,58,3,2.095985
-2.1636320000000002,58,4,-0.217399
-2.1636320000000002,58,5,0.06997
-2.1636320000000002,58,6,-0.284246
-2.1636320000000002,58,7,-0.121133
-1.113702,59,0,1.640301
-1.113702,59,1,0.800671
-1.113702,59,2,0.819945
-1.113702,59,3,0.289948
-1.113702,59,4,-1.099214
-1.113702,59,5,-2.678454
-1.113702,59,6,-1.00184
-1.113702,59,7,-0.498336
-1.723207,60,0,0.186837
-1.723207,60,1,-0.148256
-1.723207,60,2,0.012219
-1.723207,60,3,-0.996966
-1.723207,60,4,-2.928195
-1.723207,60,5,0.093834
-1.723207,60,6,-3.044774
-1.723207,60,7,-3.994133
-0.30825,61,0,1.471173
-0.30825,61,1,0.167154
-0.30825,61,2,0.601306
-0.30825,61,3,1.986864
-0.30825,61,4,0.899458
-0.30825,61,5,0.533777
-0.30825,61,6,2.078493
-0.30825,61,7,2.710874
0.171069,62,0,0.93991
0.171069,62,1,1.562464
0.171069,62,2,0.344112
0.171069,62,3,2.546435
0.171069,62,4,-0.350133
0.171069,62,5,1.156153
0.171069,62,6,0.259496
0.171069,62,7,2.287088
-0.138344,63,0,1.461704
-0.138344,63,1,0.489565
-0.138344,63,2,1.295439
-0.138344,63,3,0.315203
-0.138344,63,4,-1.325159
-0.138344,63,5,-1.137393
-0.138344,63,6,-0.791442
-0.138344,63,7,1.5671
-1.395666,64,0,0.500491
-1.395666,64,1,2.366421
-1.395666,64,2,-0.387978
-1.395666,64,3,1.479421
-1.395666,64,4,-0.925777
-1.395666,64,5,-1.562458
-1.395666,64,6,0.056033
-1.395666,64,7,1.155576
0.648287,65,0,1.880175
0.648287,65,1,1.87392
0.648287,65,2,1.127354
0.648287,65,3,4.399135
0.648287,65,4,1.953565
0.648287,65,5,3.584369
0.648287,65,6,5.654882
0.648287,65,7,8.059744
-0.80143,66,0,-0.692356
-0.80143,66,1,0.186154
-0.80143,66,2,0.349371
-0.80143,66,3,-1.5039960000000001
-0.80143,66,4,0.002395
-0.80143,66,5,-0.723056
-0.80143,66,6,-1.288075
-0.80143,66,7,1.943165
1.267332,67,0,-0.129472
1.267332,67,1,-0.442762
1.267332,67,2,0.819909
1.267332,67,3,2.418272
1.267332,67,4,2.308805
1.267332,67,5,3.527404
1.267332,67,6,1.931925
1.267332,67,7,2.421536
-0.326774,68,0,-0.492236
-0.326774,68,1,0.178006
-0.326774,68,2,0.434465
-0.326774,68,3,-0.555055
-0.326774,68,4,0.792521
-0.326774,68,5,2.15263
-0.326774,68,6,2.425954
-0.326774,68,7,1.073073
-0.785876,69,0,1.084335
-0.785876,69,1,3.673556
-0.785876,69,2,0.691113
-0.785876,69,3,-0.104761
-0.785876,69,4,0.902432
-0.785876,69,5,0.040167
-0.785876,69,6,0.359822
-0.785876,69,7,-0.025635
1.715334,70,0,-0.352134
1.715334,70,1,-0.236881
1.715334,70,2,1.516892
1.715334,70,3,1.471687
1.715334,70,4,1.297627
1.715334,70,5,-0.05061
1.715334,70,6,0.853799
1.715334,70,7,2.391909
0.803922,71,0,-1.415291
0.803922,71,1,-0.57204
0.803922,71,2,0.376972
0.803922,71,3,1.812832
0.803922,71,4,1.386824
0.803922,71,5,1.141289
0.803922,71,6,2.643326
0.803922,71,7,2.433598
0.619035,72,0,-1.129889
0.619035,72,1,0.088111
0.619035,72,2,-0.436343
0.619035,72,3,-0.633795
0.619035,72,4,-0.184444
0.619035,72,5,-0.408382
0.619035,72,6,1.460403
0.619035,72,7,1.173588
1.046409,73,0,0.482636
1.046409,73,1,1.597352
1.046409,73,2,4.309613
1.046409,73,3,2.426096
1.046409,73,4,2.074139
1.046409,73,5,4.594377
1.046409,73,6,3.117877
1.046409,73,7,2.341697
0.969884,74,0,0.741454
0.969884,74,1,-0.215021
0.969884,74,2,1.460859
0.969884,74,3,0.486022
0.969884,74,4,0.04804
0.969884,74,5,3.409746
0.969884,74,6,2.215463
0.969884,74,7,3.190514
0.117602,75,0,-0.638834
0.117602,75,1,1.33468
0.117602,75,2,0.302417
0.117602,75,3,0.314224
0.117602,75,4,-0.240765
0.117602,75,5,-0.269591
0.117602,75,6,0.632119
0.117602,75,7,1.485531
2.461658,76,0,0.353039
2.461658,76,1,1.276037
2.461658,76,2,1.855586
2.461658,76,3,2.317067
2.461658,76,4,2.821023
2.461658,76,5,4.361716
2.461658,76,6,4.049097
2.461658,76,7,4.480801
0.66955,77,0,2.110198
0.66955,77,1,2.270245
0.66955,77,2,1.873701
0.66955,77,3,3.647242
0.66955,77,4,2.681984
0.66955,77,5,3.091413
0.66955,77,6,5.624928
0.66955,77,7,4.29492
0.50636,78,0,-0.611795
0.50636,78,1,0.834686
0.50636,78,2,1.95738
0.50636,78,3,0.99828
0.50636,78,4,-0.753034
0.50636,78,5,1.227697
0.50636,78,6,2.867385
0.50636,78,7,0.260843
-0.222689,79,0,1.140694
-0.222689,79,1,1.065593
-0.222689,79,2,-0.005745
-0.222689,79,3,0.237382
-0.222689,79,4,-0.200717
-0.222689,79,5,1.177395
-0.222689,79,6,2.135698
-0.222689,79,7,1.498929
0.609992,80,0,0.780808
0.609992,80,1,3.967018
0.609992,80,2,2.416745
0.609992,80,3,3.603971
0.609992,80,4,4.27699
0.609992,80,5,3.963728
0.609992,80,6,4.433236
0.609992,80,7,3.099042
1.646504,81,0,0.199549
1.646504,81,1,1.327499
1.646504,81,2,0.762732
1.646504,81,3,0.94864
1.646504,81,4,0.755986
1.646504,81,5,1.079447
1.646504,81,6,2.635844
1.646504,81,7,1.78689
-1.447906,82,0,0.094027
-1.447906,82,1,-0.364863
-1.447906,82,2,0.237094
-1.447906,82,3,0.837395
-1.447906,82,4,0.566387
-1.447906,82,5,0.624897
-1.447906,82,6,0.81926
-1.447906,82,7,-1.74858
0.583907,83,0,1.132835
0.583907,83,1,0.816405
0.583907,83,2,4.186616
0.583907,83,3,3.580941
0.583907,83,4,4.3811
0.583907,83,5,4.303151
0.583907,83,6,2.224064
0.583907,83,7,2.170179
0.455227,84,0,0.920691
0.455227,84,1,-0.782769
0.455227,84,2,3.070621
0.455227,84,3,2.460741
0.455227,84,4,3.764652
0.455227,84,5,1.067524
0.455227,84,6,1.663503
0.455227,84,7,1.876259
0.114215,85,0,0.64336
0.114215,85,1,-0.775185
0.114215,85,2,3.208087
0.114215,85,3,-0.816993
0.114215,85,4,0.472048
0.114215,85,5,0.135503
0.114215,85,6,2.498644
0.114215,85,7,-1.751016
-0.66998,86,0,2.0438
-0.66998,86,1,1.632796
-0.66998,86,2,1.486391
-0.66998,86,3,0.822044
-0.66998,86,4,2.463067
-0.66998,86,5,3.316191
-0.66998,86,6,0.946598
-0.66998,86,7,1.491581
0.699313,87,0,0.41721
0.699313,87,1,1.75724
0.699313,87,2,1.848993
0.699313,87,3,0.659686
0.699313,87,4,2.146963
0.699313,87,5,1.240558
0.699313,87,6,2.839087
0.699313,87,7,1.959249
1.712251,88,0,-0.455052
1.712251,88,1,-0.95571
1.712251,88,2,1.555829
1.712251,88,3,2.13265
1.712251,88,4,1.462921
1.712251,88,5,2.658368
1.712251,88,6,0.193191
1.712251,88,7,3.233551
-0.17597,89,0,1.953853
-0.17597,89,1,0.968079
-0.17597,89,2,0.33412
-0.17597,89,3,-2.291515
-0.17597,89,4,-1.198205
-0.17597,89,5,-0.741843
-0.17597,89,6,2.444174
-0.17597,89,7,1.336661
-0.184952,90,0,2.098843
-0.184952,90,1,1.009939
-0.184952,90,2,1.761507
-0.184952,90,3,1.423841
-0.184952,90,4,0.964353
-0.184952,90,5,0.136179
-0.184952,90,6,-1.012792
-0.184952,90,7,-0.557359
0.128507,91,0,0.492049
0.128507,91,1,0.960007
0.128507,91,2,1.947505
0.128507,91,3,0.727659
0.128507,91,4,1.71668
0.128507,91,5,2.690331
0.128507,91,6,2.427063
0.128507,91,7,2.379548
0.255403,92,0,-1.337178
0.255403,92,1,1.162381
0.255403,92,2,1.301433
0.255403,92,3,1.631081
0.255403,92,4,3.253822
0.255403,92,5,3.616644
0.255403,92,6,3.9429
0.255403,92,7,4.330257
-1.535231,93,0,0.705031
-1.535231,93,1,-0.253806
-1.535231,93,2,-0.675411
-1.535231,93,3,-0.277411
-1.535231,93,4,2.364832
-1.535231,93,5,1.473142
-1.535231,93,6,3.062398
-1.535231,93,7,1.669263
-1.461761,94,0,0.324619
-1.461761,94,1,-1.010213
-1.461761,94,2,0.91498
-1.461761,94,3,0.548217
-1.461761,94,4,-0.195104
-1.461761,94,5,2.391142
-1.461761,94,6,2.558188
-1.461761,94,7,2.783378
0.552845,95,0,0.519983
0.552845,95,1,0.682755
0.552845,95,2,0.682652
0.552845,95,3,2.556052
0.552845,95,4,0.325353
0.552845,95,5,1.561246
0.552845,95,6,3.110333
0.552845,95,7,1.338759
2.704232,96,0,2.870725
2.704232,96,1,0.289957
2.704232,96,2,2.441505
2.704232,96,3,1.941013
2.704232,96,4,2.761832
2.704232,96,5,2.37359
2.704232,96,6,3.847803
2.704232,96,7,3.306727
-1.3305,97,0,-0.511971
-1.3305,97,1,0.566086
-1.3305,97,2,0.859225
-1.3305,97,3,2.077483
-1.3305,97,4,0.010238
-1.3305,97,5,1.06708
-1.3305,97,6,1.97346
-1.3305,97,7,1.726961
1.027269,98,0,0.817845
1.027269,98,1,0.763083
1.027269,98,2,1.054311
1.027269,98,3,-0.826113
1.027269,98,4,1.195561
1.027269,98,5,-0.968431
1.027269,98,6,0.399689
1.027269,98,7,1.976246
0.689548,99,0,-0.832438
0.689548,99,1,-1.614297
0.689548,99,2,-1.086157
0.689548,99,3,0.102654
0.689548,99,4,0.676335
0.689548,99,5,0.324797
0.689548,99,6,0.099854
0.689548,99,7,1.624393
-0.803366,100,0,0.775517
-0.803366,100,1,-0.937846
-0.803366,100,2,-0.691062
-0.803366,100,3,0.803127
-0.803366,100,4,-0.235176
-0.803366,100,5,-0.285987
-0.803366,100,6,0.332408
-0.803366,100,7,-0.66614
-0.082199,101,0,-0.342892
-0.082199,101,1,-0.180102
-0.082199,101,2,0.665246
-0.082199,101,3,1.550636
-0.082199,101,4,-0.424566
-0.082199,101,5,2.097438
-0.082199,101,6,1.608454
-0.082199,101,7,1.881014
-0.058228,102,0,-1.050805
-0.058228,102,1,1.748161
-0.058228,102,2,1.532011
-0.058228,102,3,0.639886
-0.058228,102,4,2.041904
-0.058228,102,5,2.027395
-0.058228,102,6,1.577701
-0.058228,102,7,3.563867
1.333527,103,0,1.472909
1.333527,103,1,1.668667
1.333527,103,2,1.823511
1.333527,103,3,2.373689
1.333527,103,4,3.068362
1.333527,103,5,1.577078
1.333527,103,6,3.224431
1.333527,103,7,4.821031
-1.834231,104,0,0.033763
-1.834231,104,1,1.909662
-1.834231,104,2,-0.267124
-1.834231,104,3,2.085019
-1.834231,104,4,2.411452
-1.834231,104,5,1.77292
-1.834231,104,6,1.890517
-1.834231,104,7,2.580599
-0.484228,105,0,1.136298
-0.484228,105,1,-0.274192
-0.484228,105,2,1.385397
-0.484228,105,3,-0.337474
-0.484228,105,4,2.543596
-0.484228,105,5,0.597337
-0.484228,105,6,2.061058
-0.484228,105,7,4.105975
-0.823668,106,0,-0.057106
-0.823668,106,1,-0.02275
-0.823668,106,2,1.063565
-0.823668,106,3,1.190735
-0.823668,106,4,1.466257
-0.823668,106,5,2.499759
-0.823668,106,6,3.591559
-0.823668,106,7,2.287854
-0.642508,107,0,-0.155172
-0.642508,107,1,2.130493
-0.642508,107,2,0.710579
-0.642508,107,3,1.32799
-0.642508,107,4,0.718104
-0.642508,107,5,-0.467231
-0.642508,107,6,0.149544
-0.642508,107,7,-0.183978
-0.760219,108,0,0.728546
-0.760219,108,1,0.603691
-0.760219,108,2,0.659485
-0.760219,108,3,3.07159
-0.760219,108,4,1.430292
-0.760219,108,5,2.180676
-0.760219,108,6,2.375039
-0.760219,108,7,2.708993
0.618599,109,0,1.155981
0.618599,109,1,1.36656
0.618599,109,2,-0.545668
0.618599,109,3,1.308703
0.618599,109,4,1.265468
0.618599,109,5,3.806239
0.618599,109,6,4.057645
0.618599,109,7,5.027906
-0.638569,110,0,0.025515
-0.638569,110,1,0.96376
-0.638569,110,2,-0.955147
-0.638569,110,3,-0.311967
-0.638569,110,4,1.800135
-0.638569,110,5,1.81671
-0.638569,110,6,1.447091
-0.638569,110,7,4.674158
-0.449254,111,0,0.244555
-0.449254,111,1,2.526104
-0.449254,111,2,1.833021
-0.449254,111,3,4.144233
-0.449254,111,4,3.955684
-0.449254,111,5,2.313421
-0.449254,111,6,3.820747
-0.449254,111,7,5.579921
-1.043849,112,0,-0.655322
-1.043849,112,1,-1.293478
-1.043849,112,2,0.788361
-1.043849,112,3,1.726602
-1.043849,112,4,3.2909
-1.043849,112,5,1.267786
-1.043849,112,6,5.16273
-1.043849,112,7,4.712958
-0.174089,113,0,2.752399
-0.174089,113,1,2.615461
-0.174089,113,2,1.494763
-0.174089,113,3,3.636705
-0.174089,113,4,4.487694
-0.174089,113,5,3.865581
-0.174089,113,6,3.617449
-0.174089,113,7,3.349455
0.501649,114,0,0.344963
0.501649,114,1,2.366337
0.501649,114,2,2.806889
0.501649,114,3,2.615963
0.501649,114,4,3.148903
0.501649,114,5,2.178275
0.501649,114,6,4.748522
0.501649,114,7,3.630922
1.086318,115,0,-0.62179
1.086318,115,1,-0.918629
1.086318,115,2,0.706503
1.086318,115,3,-0.197254
1.086318,115,4,1.815517
1.086318,115,5,0.898402
1.086318,115,6,-0.057512
1.086318,115,7,1.81281
-0.187471,116,0,0.836113
-0.187471,116,1,1.252722
-0.187471,116,2,1.006756
-0.187471,116,3,0.475548
-0.187471,116,4,1.091639
-0.187471,116,5,2.94861
-0.187471,116,6,3.772505
-0.187471,116,7,2.093717
0.216352,117,0,3.042293
0.216352,117,1,2.962137
0.216352,117,2,2.576187
0.216352,117,3,5.40825
0.216352,117,4,6.041238
0.216352,117,5,4.917771
0.216352,117,6,5.266048
0.216352,117,7,7.631691
0.367926,118,0,4.591792
0.367926,118,1,1.812183
0.367926,118,2,4.272916
0.367926,118,3,3.152882
0.367926,118,4,4.463281
0.367926,118,5,6.519987
0.367926,118,6,7.04027
0.367926,118,7,4.873927
0.145763,119,0,2.894009
0.145763,119,1,1.513003
0.145763,119,2,1.841511
0.145763,119,3,-0.04546
0.145763,119,4,0.687214
0.145763,119,5,1.117741
0.145763,119,6,0.786424
0.145763,119,7,2.391766
0.321392,120,0,0.133763
0.321392,120,1,1.73078
0.321392,120,2,3.437128
0.321392,120,3,5.156788
0.321392,120,4,2.847903
0.321392,120,5,2.220221
0.321392,120,6,2.867021
0.321392,120,7,3.033567
0.070074,121,0,-2.957125
0.070074,121,1,0.8379
0.070074,121,2,2.140581
0.070074,121,3,3.200212
0.070074,121,4,1.75063
0.070074,121,5,-0.288637
0.070074,121,6,3.348972
0.070074,121,7,3.584859
1.646368,122,0,1.704034
1.646368,122,1,2.263303
1.646368,122,2,0.999034
1.646368,122,3,3.021957
1.646368,122,4,2.673699
1.646368,122,5,1.106723
1.646368,122,6,3.665981
1.646368,122,7,3.999891
-0.018167,123,0,0.799621
-0.018167,123,1,-1.310834
-0.018167,123,2,1.401838
-0.018167,123,3,2.893053
-0.018167,123,4,1.483409
-0.018167,123,5,2.253594
-0.018167,123,6,1.416693
-0.018167,123,7,-0.357306
-0.043646,124,0,-0.786629
-0.043646,124,1,0.476891
-0.043646,124,2,-0.687753
-0.043646,124,3,0.324388
-0.043646,124,4,0.927844
-0.043646,124,5,0.946356
-0.043646,124,6,3.526468
-0.043646,124,7,1.322695
-0.241865,125,0,0.318913
-0.241865,125,1,-0.436671
-0.241865,125,2,1.637243
-0.241865,125,3,-0.07585
-0.241865,125,4,1.477747
-0.241865,125,5,2.432759
-0.241865,125,6,1.633485
-0.241865,125,7,-0.800218
0.218175,126,0,1.014824
0.218175,126,1,1.42785
0.218175,126,2,1.593937
0.218175,126,3,3.643654
0.218175,126,4,1.424335
0.218175,126,5,-0.571685
0.218175,126,6,-0.400811
0.218175,126,7,2.256674
-0.746292,127,0,0.23471
-0.746292,127,1,0.089498
-0.746292,127,2,0.550001
-0.746292,127,3,2.9849579999999998
-0.746292,127,4,-1.722553
-0.746292,127,5,0.633451
-0.746292,127,6,-0.366703
-0.746292,127,7,0.051522
0.851749,128,0,1.793569
0.851749,128,1,2.379098
0.851749,128,2,2.764613
0.851749,128,3,1.322619
0.851749,128,4,1.432545
0.851749,128,5,0.62716
0.851749,128,6,2.351142
0.851749,128,7,1.721004
-0.538871,129,0,-0.222487
-0.538871,129,1,-0.601307
-0.538871,129,2,-1.356043
-0.538871,129,3,-0.890268
-0.538871,129,4,-2.025206
-0.538871,129,5,-0.831775
-0.538871,129,6,-0.052313
-0.538871,129,7,-1.112664
-0.140068,130,0,-2.315644
-0.140068,130,1,2.27375
-0.140068,130,2,0.822051
-0.140068,130,3,0.352087
-0.140068,130,4,-1.013756
-0.140068,130,5,-0.014052
-0.140068,130,6,1.380957
-0.140068,130,7,2.937974
0.164905,131,0,1.064316
0.164905,131,1,3.364336
0.164905,131,2,0.576202
0.164905,131,3,2.907004
0.164905,131,4,2.8885
0.164905,131,5,1.266681
0.164905,131,6,2.274867
0.164905,131,7,2.756687
0.37246,132,0,1.067053
0.37246,132,1,-0.720407
0.37246,132,2,1.322676
0.37246,132,3,0.32217
0.37246,132,4,0.007568
0.37246,132,5,-1.418808
0.37246,132,6,-0.4465
0.37246,132,7,-2.938724
-0.43267,133,0,-1.229493
-0.43267,133,1,-0.091253
-0.43267,133,2,-0.322006
-0.43267,133,3,-0.302579
-0.43267,133,4,1.173933
-0.43267,133,5,2.063905
-0.43267,133,6,0.948441
-0.43267,133,7,0.919182
0.795385,134,0,0.743878
0.795385,134,1,1.509539
0.795385,134,2,0.260569
0.795385,134,3,1.587341
0.795385,134,4,1.36005
0.795385,134,5,1.065416
0.795385,134,6,0.236161
0.795385,134,7,0.928507
1.324632,135,0,0.428637
1.324632,135,1,1.595179
1.324632,135,2,0.881258
1.324632,135,3,0.54578
1.324632,135,4,-1.281415
1.324632,135,5,1.022254
1.324632,135,6,-0.30253
1.324632,135,7,0.159645
-0.81278,136,0,-0.522807
-0.81278,136,1,-0.205954
-0.81278,136,2,-0.585068
-0.81278,136,3,-2.519309
-0.81278,136,4,0.327368
-0.81278,136,5,-0.371887
-0.81278,136,6,-1.788046
-0.81278,136,7,-0.989385
-1.849266,137,0,0.612958
-1.849266,137,1,-0.015787
-1.849266,137,2,1.680957
-1.849266,137,3,1.119474
-1.849266,137,4,1.389469
-1.849266,137,5,0.9928
-1.849266,137,6,1.42201
-1.849266,137,7,1.341597
0.99107,138,0,2.76098
0.99107,138,1,1.403645
0.99107,138,2,1.527735
0.99107,138,3,2.587854
0.99107,138,4,4.557148
0.99107,138,5,3.38671
0.99107,138,6,-0.092638
0.99107,138,7,3.787404
0.725561,139,0,-2.178873
0.725561,139,1,2.132261
0.725561,139,2,0.9401
0.725561,139,3,2.280997
0.725561,139,4,3.198685
0.725561,139,5,3.028014
0.725561,139,6,4.385463
0.725561,139,7,5.634538
-1.490598,140,0,-0.408307
-1.490598,140,1,1.036069
-1.490598,140,2,1.919829
-1.490598,140,3,2.094185
-1.490598,140,4,1.702547
-1.490598,140,5,0.592275
-1.490598,140,6,1.950252
-1.490598,140,7,2.762595
1.14692,141,0,2.039618
1.14692,141,1,0.595917
1.14692,141,2,3.33185
1.14692,141,3,3.108147
1.14692,141,4,4.341806
1.14692,141,5,1.893574
1.14692,141,6,2.465642
1.14692,141,7,2.908754
0.435666,142,0,-0.864477
0.435666,142,1,-0.534926
0.435666,142,2,1.05242
0.435666,142,3,0.189811
0.435666,142,4,2.342997
0.435666,142,5,1.813114
0.435666,142,6,-0.123136
0.435666,142,7,2.39737
1.182032,143,0,0.902859
1.182032,143,1,2.572477
1.182032,143,2,1.883891
1.182032,143,3,2.045081
1.182032,143,4,1.079347
1.182032,143,5,1.920958
1.182032,143,6,1.100464
1.182032,143,7,1.043777
0.153476,144,0,-0.432759
0.153476,144,1,1.588195
0.153476,144,2,2.54474
0.153476,144,3,3.418557
0.153476,144,4,0.008411
0.153476,144,5,3.88701
0.153476,144,6,3.003615
0.153476,144,7,3.056945
-2.241618,145,0,1.078633
-2.241618,145,1,-0.037213
-2.241618,145,2,0.780999
-2.241618,145,3,0.598269
-2.241618,145,4,-0.015292
-2.241618,145,5,-0.839575
-2.241618,145,6,0.832479
-2.241618,145,7,-0.017593
-1.586208,146,0,0.11243
-1.586208,146,1,-0.368502
-1.586208,146,2,-1.45305
-1.586208,146,3,-1.267202
-1.586208,146,4,-0.718998
-1.586208,146,5,0.470698
-1.586208,146,6,-0.53921
-1.586208,146,7,-1.41772
-0.479879,147,0,-0.174211
-0.479879,147,1,1.046078
-0.479879,147,2,-1.438456
-0.479879,147,3,-0.129152
-0.479879,147,4,1.070668
-0.479879,147,5,1.805842
-0.479879,147,6,1.012455
-0.479879,147,7,1.773331
-2.032206,148,0,-1.160381
-2.032206,148,1,-0.773887
-2.032206,148,2,2.314228
-2.032206,148,3,2.6057
-2.032206,148,4,1.102909
-2.032206,148,5,-0.948127
-2.032206,148,6,1.875695
-2.032206,148,7,-0.336758
0.795192,149,0,-0.293645
0.795192,149,1,1.256508
0.795192,149,2,1.723662
0.795192,149,3,2.994314
0.795192,149,4,1.75546
0.795192,149,5,2.60501
0.795192,149,6,0.209133
0.795192,149,7,1.13397
-2.171886,150,0,1.511936
-2.171886,150,1,1.940645
-2.171886,150,2,2.329485
-2.171886,150,3,2.858618
-2.171886,150,4,4.752243
-2.171886,150,5,1.577981
-2.171886,150,6,-0.267927
-2.171886,150,7,0.612124
-0.606033,151,0,1.288862
-0.606033,151,1,2.364293
-0.606033,151,2,1.398837
-0.606033,151,3,0.451546
-0.606033,151,4,1.067572
-0.606033,151,5,1.717894
-0.606033,151,6,0.026793
-0.606033,151,7,1.269632
-1.063569,152,0,0.032494
-1.063569,152,1,-0.30838
-1.063569,152,2,0.074894
-1.063569,152,3,1.000427
-1.063569,152,4,1.686753
-1.063569,152,5,1.762581
-1.063569,152,6,0.77459
-1.063569,152,7,2.595108
1.977818,153,0,1.211512
1.977818,153,1,0.711454
1.977818,153,2,-0.984111
1.977818,153,3,0.825895
1.977818,153,4,0.17942
1.977818,153,5,3.26163
1.977818,153,6,0.612062
1.977818,153,7,1.865123
2.187499,154,0,0.771156
2.187499,154,1,2.398646
2.187499,154,2,3.5294
2.187499,154,3,2.884981
2.187499,154,4,1.424481
2.187499,154,5,3.202343
2.187499,154,6,4.264525
2.187499,154,7,4.164281
-0.154474,155,0,-0.978523
-0.154474,155,1,-0.294029
-0.154474,155,2,-1.203414
-0.154474,155,3,-1.187389
-0.154474,155,4,-0.344705
-0.154474,155,5,-1.073497
-0.154474,155,6,-1.023491
-0.154474,155,7,1.435787
0.534316,156,0,0.387374
0.534316,156,1,-1.730262
0.534316,156,2,-0.27085
0.534316,156,3,-0.439026
0.534316,156,4,0.970068
0.534316,156,5,-1.070003
0.534316,156,6,-0.336049
0.534316,156,7,-0.475488
-1.739315,157,0,2.07041
-1.739315,157,1,1.246658
-1.739315,157,2,3.286122
-1.739315,157,3,1.638669
-1.739315,157,4,1.339669
-1.739315,157,5,0.16699
-1.739315,157,6,0.746249
-1.739315,157,7,1.126616
0.049218,158,0,-0.676643
0.049218,158,1,-0.768433
0.049218,158,2,-1.111112
0.049218,158,3,2.263382
0.049218,158,4,1.042262
0.049218,158,5,0.972627
0.049218,158,6,1.304564
0.049218,158,7,0.483811
-0.488118,159,0,2.103986
-0.488118,159,1,0.425594
-0.488118,159,2,1.891086
-0.488118,159,3,1.893316
-0.488118,159,4,1.666895
-0.488118,159,5,2.999097
-0.488118,159,6,1.005627
-0.488118,159,7,0.418283
0.232272,160,0,1.128393
0.232272,160,1,0.077773
0.232272,160,2,1.196166
0.232272,160,3,-1.145551
0.232272,160,4,0.200213
0.232272,160,5,0.441078
0.232272,160,6,3.656652
0.232272,160,7,2.998715
-0.085634,161,0,-0.197803
-0.085634,161,1,1.647907
-0.085634,161,2,1.595989
-0.085634,161,3,1.733998
-0.085634,161,4,0.193617
-0.085634,161,5,0.934067
-0.085634,161,6,2.282658
-0.085634,161,7,0.624118
0.967015,162,0,0.461768
0.967015,162,1,0.644909
0.967015,162,2,3.089035
0.967015,162,3,1.421233
0.967015,162,4,5.41165
0.967015,162,5,4.399498
0.967015,162,6,4.024996
0.967015,162,7,5.468913
-2.405496,163,0,1.874846
-2.405496,163,1,0.515363
-2.405496,163,2,0.415206
-2.405496,163,3,0.582352
-2.405496,163,4,0.926661
-2.405496,163,5,2.5984950000000002
-2.405496,163,6,1.172849
-2.405496,163,7,0.760392
0.545595,164,0,1.037863
0.545595,164,1,0.127333
0.545595,164,2,1.064716
0.545595,164,3,1.284641
0.545595,164,4,0.534769
0.545595,164,5,-1.067803
0.545595,164,6,0.128876
0.545595,164,7,0.835586
1.548723,165,0,-0.953073
1.548723,165,1,1.180665
1.548723,165,2,2.09642
1.548723,165,3,0.155668
1.548723,165,4,1.372694
1.548723,165,5,1.526046
1.548723,165,6,2.716813
1.548723,165,7,-0.170218
0.075059,166,0,1.249763
0.075059,166,1,-0.054642
0.075059,166,2,0.33497
0.075059,166,3,0.585624
0.075059,166,4,-0.691379
0.075059,166,5,1.996236
0.075059,166,6,2.002282
0.075059,166,7,1.145828
1.428146,167,0,0.393841
1.428146,167,1,1.525255
1.428146,167,2,1.530849
1.428146,167,3,4.200788
1.428146,167,4,4.217052
1.428146,167,5,3.481272
1.428146,167,6,4.041386
1.428146,167,7,3.492568
0.491396,168,0,2.101458
0.491396,168,1,2.159832
0.491396,168,2,2.739666
0.491396,168,3,0.55952
0.491396,168,4,3.561896
0.491396,168,5,3.925685
0.491396,168,6,2.512538
0.491396,168,7,4.634874
-1.484585,169,0,-0.002134
-1.484585,169,1,0.454413
-1.484585,169,2,1.509358
-1.484585,169,3,1.797778
-1.484585,169,4,0.766106
-1.484585,169,5,1.858772
-1.484585,169,6,0.509204
-1.484585,169,7,1.066619
1.463913,170,0,-0.5328
1.463913,170,1,2.304222
1.463913,170,2,2.172832
1.463913,170,3,0.84163
1.463913,170,4,0.867271
1.463913,170,5,1.942272
1.463913,170,6,0.684049
1.463913,170,7,-0.779097
-0.977735,171,0,-0.308724
-0.977735,171,1,0.804022
-0.977735,171,2,0.910495
-0.977735,171,3,0.227427
-0.977735,171,4,0.278876
-0.977735,171,5,1.437236
-0.977735,171,6,2.165012
-0.977735,171,7,1.819901
1.663756,172,0,1.641346
1.663756,172,1,1.585656
1.663756,172,2,2.695707
1.663756,172,3,1.732265
1.663756,172,4,2.529459
1.663756,172,5,2.053757
1.663756,172,6,2.865894
1.663756,172,7,3.907838
0.567384,173,0,-1.485297
0.567384,173,1,2.204409
0.567384,173,2,2.679847
0.567384,173,3,1.352322
0.567384,173,4,1.430711
0.567384,173,5,0.918779
0.567384,173,6,3.129995
0.567384,173,7,3.450583
-0.287892,174,0,1.843155
-0.287892,174,1,1.950194
-0.287892,174,2,2.00515
-0.287892,174,3,3.0496
-0.287892,174,4,3.909459
-0.287892,174,5,4.941573
-0.287892,174,6,3.84606
-0.287892,174,7,5.421056
0.199951,175,0,-0.462818
0.199951,175,1,0.783221
0.199951,175,2,0.619113
0.199951,175,3,2.744269
0.199951,175,4,-0.106769
0.199951,175,5,1.636664
0.199951,175,6,0.614922
0.199951,175,7,0.9199
-0.993025,176,0,0.151615
-0.993025,176,1,-0.070305
-0.993025,176,2,0.18152
-0.993025,176,3,1.004692
-0.993025,176,4,2.001788
-0.993025,176,5,2.34274
-0.993025,176,6,1.849535
-0.993025,176,7,0.827892
-0.061752,177,0,1.253478
-0.061752,177,1,-0.981085
-0.061752,177,2,0.836737
-0.061752,177,3,0.817215
-0.061752,177,4,-0.223766
-0.061752,177,5,-0.564692
-0.061752,177,6,1.206339
-0.061752,177,7,0.656709
1.450732,178,0,-0.285425
1.450732,178,1,1.756743
1.450732,178,2,1.750322
1.450732,178,3,3.32705
1.450732,178,4,1.673995
1.450732,178,5,1.544015
1.450732,178,6,0.42814
1.450732,178,7,0.766599
-0.050303,179,0,0.560158
-0.050303,179,1,-0.313492
-0.050303,179,2,1.25393
-0.050303,179,3,0.373914
-0.050303,179,4,1.971075
-0.050303,179,5,0.346413
-0.050303,179,6,2.677055
-0.050303,179,7,3.234955
0.737357,180,0,0.476136
0.737357,180,1,-0.415172
0.737357,180,2,1.168674
0.737357,180,3,1.177404
0.737357,180,4,2.690739
0.737357,180,5,2.103398
0.737357,180,6,2.017106
0.737357,180,7,3.18201
1.080885,181,0,0.620475
1.080885,181,1,0.801152
1.080885,181,2,0.25366
1.080885,181,3,0.698543
1.080885,181,4,0.249759
1.080885,181,5,-0.291544
1.080885,181,6,-0.305804
1.080885,181,7,0.399291
-0.266486,182,0,0.017602
-0.266486,182,1,-0.926144
-0.266486,182,2,0.619979
-0.266486,182,3,-0.262267
-0.266486,182,4,0.309443
-0.266486,182,5,0.464039
-0.266486,182,6,-2.068286
-0.266486,182,7,-1.95556
1.0490950000000001,183,0,0.403392
1.0490950000000001,183,1,1.285014
1.0490950000000001,183,2,3.359724
1.0490950000000001,183,3,3.124295
1.0490950000000001,183,4,2.412814
1.0490950000000001,183,5,1.061816
1.0490950000000001,183,6,4.485356
1.0490950000000001,183,7,4.232151
0.947181,184,0,0.394727
0.947181,184,1,1.149172
0.947181,184,2,2.987881
0.947181,184,3,3.147866
0.947181,184,4,4.162382
0.947181,184,5,5.043302
0.947181,184,6,3.170896
0.947181,184,7,4.979474
-0.117449,185,0,0.453485
-0.117449,185,1,0.070856
-0.117449,185,2,2.377694
-0.117449,185,3,2.874527
-0.117449,185,4,2.940502
-0.117449,185,5,6.025953
-0.117449,185,6,3.891594
-0.117449,185,7,3.859836
1.666506,186,0,0.918222
1.666506,186,1,1.012215
1.666506,186,2,2.297689
1.666506,186,3,1.178133
1.666506,186,4,2.981053
1.666506,186,5,2.82906
1.666506,186,6,1.279131
1.666506,186,7,4.350619
0.720417,187,0,0.268158
0.720417,187,1,0.415698
0.720417,187,2,1.898694
0.720417,187,3,2.408523
0.720417,187,4,-1.039409
0.720417,187,5,1.365906
0.720417,187,6,1.593095
0.720417,187,7,0.414521
-0.21717,188,0,0.12698
-0.21717,188,1,2.01017
-0.21717,188,2,2.395589
-0.21717,188,3,3.135444
-0.21717,188,4,2.299485
-0.21717,188,5,6.781027
-0.21717,188,6,7.755242
-0.21717,188,7,6.017417
1.151933,189,0,1.40765
1.151933,189,1,-0.583818
1.151933,189,2,-1.707579
1.151933,189,3,0.547446
1.151933,189,4,-0.477665
1.151933,189,5,-0.561205
1.151933,189,6,-1.039132
1.151933,189,7,-2.940116
-1.944568,190,0,1.33514
-1.944568,190,1,2.909824
-1.944568,190,2,1.0060500000000001
-1.944568,190,3,3.726014
-1.944568,190,4,1.778901
-1.944568,190,5,1.669158
-1.944568,190,6,0.712935
-1.944568,190,7,3.751819
0.683221,191,0,-0.546085
0.683221,191,1,0.675748
0.683221,191,2,3.007323
0.683221,191,3,0.489604
0.683221,191,4,2.114898
0.683221,191,5,0.071044
0.683221,191,6,-0.302729
0.683221,191,7,1.01611
0.556676,192,0,2.10014
0.556676,192,1,2.088767
0.556676,192,2,0.161485
0.556676,192,3,1.386182
0.556676,192,4,2.324475
0.556676,192,5,3.263912
0.556676,192,6,2.058079
0.556676,192,7,3.146643
-1.126565,193,0,0.174717
-1.126565,193,1,0.682103
-1.126565,193,2,0.839391
-1.126565,193,3,3.733296
-1.126565,193,4,0.442707
-1.126565,193,5,1.093647
-1.126565,193,6,1.173539
-1.126565,193,7,3.701915
-0.558915,194,0,-0.282749
-0.558915,194,1,2.026015
-0.558915,194,2,3.911018
-0.558915,194,3,0.692663
-0.558915,194,4,0.751849
-0.558915,194,5,-0.273935
-0.558915,194,6,0.650155
-0.558915,194,7,-2.080151
0.564918,195,0,0.383514
0.564918,195,1,1.047215
0.564918,195,2,0.941145
0.564918,195,3,1.62165
0.564918,195,4,3.972189
0.564918,195,5,2.478617
0.564918,195,6,1.268493
0.564918,195,7,1.574738
0.848998,196,0,0.971379
0.848998,196,1,0.486271
0.848998,196,2,1.033792
0.848998,196,3,1.822314
0.848998,196,4,1.154439
0.848998,196,5,4.448309
0.848998,196,6,2.028551
0.848998,196,7,2.835431
-0.207118,197,0,0.971913
-0.207118,197,1,-1.414627
-0.207118,197,2,3.053284
-0.207118,197,3,2.098046
-0.207118,197,4,0.461116
-0.207118,197,5,-1.137073
-0.207118,197,6,0.794668
-0.207118,197,7,1.234833
0.079919,198,0,-1.49944
0.079919,198,1,-0.197248
0.079919,198,2,0.167478
0.079919,198,3,0.44402199999999997
0.079919,198,4,1.718673
0.079919,198,5,0.573858
0.079919,198,6,1.082081
0.079919,198,7,1.184427
-0.19732,199,0,0.101919
-0.19732,199,1,0.092139
-0.19732,199,2,1.670643
-0.19732,199,3,-0.6064
-0.19732,199,4,0.210922
-0.19732,199,5,-0.629862
-0.19732,199,6,1.159745
-0.19732,199,7,1.133566
0.646695,200,0,0.823769
0.646695,200,1,3.35902
0.646695,200,2,3.049115
0.646695,200,3,5.574487
0.646695,200,4,3.729331
0.646695,200,5,3.993997
0.646695,200,6,3.979112
0.646695,200,7,2.07033
